num views,num rows,num channels,batch size,peak memory (GB),avail memory (GB),elapsed time0 (sec),elapsed time1 (sec)
50,50,50,100,0.078,10.026,7.5,0.1
50,50,50,250,0.078,10.026,2.8,0.1
50,50,50,500,0.078,10.026,3.0,0.1
50,50,50,800,0.078,10.026,2.9,0.1
50,50,100,100,0.134,10.026,9.5,0.1
50,50,100,250,0.134,10.026,2.8,0.1
50,50,100,500,0.134,10.026,2.8,0.1
50,50,100,800,0.134,10.026,2.7,0.1
50,50,250,100,0.117,10.026,8.1,0.2
50,50,250,250,0.117,10.026,2.0,0.2
50,50,250,500,0.117,10.026,2.0,0.2
50,50,250,800,0.117,10.026,2.0,0.2
50,50,50,100,0.078,10.026,7.6,7.6
50,50,50,250,0.078,10.026,3.0,3.0
50,50,50,500,0.078,10.026,3.1,3.1
50,50,50,800,0.078,10.026,3.0,3.0
50,50,100,100,0.134,10.026,8.1,8.1
50,50,100,250,0.134,10.026,2.9,2.9
50,50,100,500,0.134,10.026,2.9,2.9
50,50,100,800,0.134,10.026,2.8,2.8
50,50,250,100,0.117,10.026,5.8,5.8
50,50,250,250,0.117,10.026,2.1,2.1
50,50,250,500,0.117,10.026,2.0,2.0
50,50,250,800,0.117,10.026,1.9,1.9
50,50,500,100,0.194,10.026,8.8,8.8
50,50,500,250,0.194,10.026,3.3,3.3
50,50,500,500,0.194,10.026,3.3,3.3
50,50,500,800,0.194,10.026,3.4,3.4
50,50,800,100,0.176,10.026,11.5,11.5
50,50,800,250,0.176,10.026,5.1,5.1
50,50,800,500,0.176,10.026,5.0,5.0
50,50,800,800,0.176,10.026,5.4,5.4
50,50,1250,100,0.341,10.026,15.0,15.0
50,50,1250,250,0.341,10.026,8.8,8.8
50,50,1250,500,0.341,10.026,8.6,8.6
50,50,1250,800,0.341,10.026,8.3,8.3
50,100,50,100,0.157,10.026,7.4,7.4
50,100,50,250,0.157,10.026,2.8,2.8
50,100,50,500,0.157,10.026,2.9,2.9
50,100,50,800,0.157,10.026,2.9,2.9
50,100,100,100,0.232,10.026,10.5,10.5
50,100,100,250,0.232,10.026,2.1,2.1
50,100,100,500,0.232,10.026,2.0,2.0
50,100,100,800,0.232,10.026,1.9,1.9
50,100,250,100,0.254,10.026,8.8,8.8
50,100,250,250,0.254,10.026,3.9,3.9
50,100,250,500,0.254,10.026,4.0,4.0
50,100,250,800,0.254,10.026,3.8,3.8
50,100,500,100,0.386,10.026,9.0,9.0
50,100,500,250,0.386,10.026,2.9,2.9
50,100,500,500,0.386,10.026,2.9,2.9
50,100,500,800,0.386,10.026,2.7,2.7
50,100,800,100,0.353,10.026,12.4,12.4
50,100,800,250,0.353,10.026,6.5,6.5
50,100,800,500,0.353,10.026,6.5,6.5
50,100,800,800,0.353,10.026,6.5,6.5
50,100,1250,100,0.668,10.026,18.0,18.0
50,100,1250,250,0.668,10.026,12.8,12.8
50,100,1250,500,0.668,10.026,11.5,11.5
50,100,1250,800,0.668,10.026,10.4,10.4
50,250,50,100,0.202,10.026,8.1,8.1
50,250,50,250,0.202,10.026,2.3,2.3
50,250,50,500,0.202,10.026,2.4,2.4
50,250,50,800,0.202,10.026,2.4,2.4
50,250,100,100,0.308,10.026,9.7,9.7
50,250,100,250,0.308,10.026,2.2,2.2
50,250,100,500,0.308,10.026,2.1,2.1
50,250,100,800,0.308,10.026,2.1,2.1
50,250,250,100,0.394,10.026,8.4,8.4
50,250,250,250,0.394,10.026,2.5,2.5
50,250,250,500,0.394,10.026,2.4,2.4
50,250,250,800,0.394,10.026,2.4,2.4
50,250,500,100,0.960,10.026,9.9,9.9
50,250,500,250,0.960,10.026,4.1,4.1
50,250,500,500,0.960,10.026,4.1,4.1
50,250,500,800,0.960,10.026,3.9,3.9
50,250,800,100,0.767,10.026,16.4,16.4
50,250,800,250,0.767,10.026,10.0,10.0
50,250,800,500,0.767,10.026,9.9,9.9
50,250,800,800,0.767,10.026,10.4,10.4
50,250,1250,100,1.649,10.026,27.7,27.7
50,250,1250,250,1.649,10.026,23.3,23.3
50,250,1250,500,1.649,10.026,21.0,21.0
50,250,1250,800,1.649,10.026,22.7,22.7
50,500,50,100,0.405,10.026,7.9,7.9
50,500,50,250,0.405,10.026,3.2,3.2
50,500,50,500,0.405,10.026,3.3,3.3
50,500,50,800,0.405,10.026,3.4,3.4
50,500,100,100,0.616,10.026,9.6,9.6
50,500,100,250,0.616,10.026,2.2,2.2
50,500,100,500,0.616,10.026,2.4,2.4
50,500,100,800,0.616,10.026,2.2,2.2
50,500,250,100,0.788,10.026,9.6,9.6
50,500,250,250,0.788,10.026,4.1,4.1
50,500,250,500,0.788,10.026,2.9,2.9
50,500,250,800,0.788,10.026,2.7,2.7
50,500,500,100,1.917,10.026,11.5,11.5
50,500,500,250,1.917,10.026,5.9,5.9
50,500,500,500,1.917,10.026,5.9,5.9
50,500,500,800,1.917,10.026,6.2,6.2
50,500,800,100,1.526,10.026,23.3,23.3
50,500,800,250,1.526,10.026,18.4,18.4
50,500,800,500,1.526,10.026,16.9,16.9
50,500,800,800,1.526,10.026,20.0,20.0
50,500,1250,100,3.285,10.026,45.6,45.6
50,500,1250,250,3.285,10.026,41.7,41.7
50,500,1250,500,3.285,10.026,42.8,42.8
50,500,1250,800,3.285,10.026,38.6,38.6
50,800,50,100,0.706,10.026,7.9,7.9
50,800,50,250,0.706,10.026,3.2,3.2
50,800,50,500,0.706,10.026,3.3,3.3
50,800,50,800,0.706,10.026,3.4,3.4
50,800,100,100,1.069,10.026,9.7,9.7
50,800,100,250,1.069,10.026,2.3,2.3
50,800,100,500,1.069,10.026,2.2,2.2
50,800,100,800,1.069,10.026,2.4,2.4
50,800,250,100,1.341,10.026,9.3,9.3
50,800,250,250,1.341,10.026,3.5,3.5
50,800,250,500,1.341,10.026,3.5,3.5
50,800,250,800,1.341,10.026,3.3,3.3
50,800,500,100,3.065,10.026,13.5,13.5
50,800,500,250,3.065,10.026,8.2,8.2
50,800,500,500,3.065,10.026,8.2,8.2
50,800,500,800,3.065,10.026,8.1,8.1
50,800,800,100,2.466,10.026,38.7,38.7
50,800,800,250,2.466,10.026,35.9,35.9
50,800,800,500,2.466,10.026,32.1,32.1
50,800,800,800,2.466,10.026,35.6,35.6
50,800,1250,100,5.248,10.026,75.3,75.3
50,800,1250,250,5.248,10.026,77.9,77.9
50,800,1250,500,5.248,10.026,80.8,80.8
50,800,1250,800,5.248,10.026,73.0,73.0
50,1250,50,100,1.012,10.026,8.3,8.3
50,1250,50,250,1.012,10.026,2.6,2.6
50,1250,50,500,1.012,10.026,2.5,2.5
50,1250,50,800,1.012,10.026,2.4,2.4
50,1250,100,100,1.539,10.026,10.2,10.2
50,1250,100,250,1.539,10.026,1.6,1.6
50,1250,100,500,1.539,10.026,1.6,1.6
50,1250,100,800,1.539,10.026,1.5,1.5
50,1250,250,100,1.970,10.026,10.0,10.0
50,1250,250,250,1.970,10.026,3.5,3.5
50,1250,250,500,1.970,10.026,3.5,3.5
50,1250,250,800,1.970,10.026,3.4,3.4
50,1250,500,100,4.787,10.026,17.3,17.3
50,1250,500,250,4.787,10.026,11.1,11.1
50,1250,500,500,4.787,10.026,11.0,11.0
50,1250,500,800,4.787,10.026,10.9,10.9
50,1250,800,100,3.803,10.026,47.8,47.8
50,1250,800,250,3.803,10.026,41.1,41.1
50,1250,800,500,3.803,10.026,41.0,41.0
50,1250,800,800,3.803,10.026,40.2,40.2
50,1250,1250,100,8.192,10.026,109.2,109.2
50,1250,1250,250,8.192,10.026,102.2,102.2
50,1250,1250,500,8.192,10.026,93.6,93.6
50,1250,1250,800,8.192,10.026,97.0,97.0
100,50,50,100,0.196,10.026,7.7,7.7
100,50,50,250,0.196,10.026,3.3,3.3
100,50,50,500,0.196,10.026,2.1,2.1
100,50,50,800,0.196,10.026,2.1,2.1
100,50,100,100,0.234,10.026,9.9,9.9
100,50,100,250,0.234,10.026,2.3,2.3
100,50,100,500,0.234,10.026,2.0,2.0
100,50,100,800,0.234,10.026,1.9,1.9
100,50,250,100,0.286,10.026,8.9,8.9
100,50,250,250,0.286,10.026,4.2,4.2
100,50,250,500,0.286,10.026,3.9,3.9
100,50,250,800,0.286,10.026,3.8,3.8
100,50,500,100,0.284,10.026,9.6,9.6
100,50,500,250,0.284,10.026,4.6,4.6
100,50,500,500,0.284,10.026,4.6,4.6
100,50,500,800,0.284,10.026,4.3,4.3
100,50,800,100,0.337,10.026,12.1,12.1
100,50,800,250,0.337,10.026,4.5,4.5
100,50,800,500,0.337,10.026,4.5,4.5
100,50,800,800,0.337,10.026,4.2,4.2
100,50,1250,100,0.412,10.026,15.3,15.3
100,50,1250,250,0.467,10.026,7.5,7.5
100,50,1250,500,0.467,10.026,7.2,7.2
100,50,1250,800,0.467,10.026,7.2,7.2
100,100,50,100,0.313,10.026,7.9,7.9
100,100,50,250,0.313,10.026,2.4,2.4
100,100,50,500,0.313,10.026,2.3,2.3
100,100,50,800,0.313,10.026,2.3,2.3
100,100,100,100,0.422,10.026,10.5,10.5
100,100,100,250,0.422,10.026,4.0,4.0
100,100,100,500,0.422,10.026,3.8,3.8
100,100,100,800,0.422,10.026,3.6,3.6
100,100,250,100,0.412,10.026,9.3,9.3
100,100,250,250,0.412,10.026,4.4,4.4
100,100,250,500,0.412,10.026,4.2,4.2
100,100,250,800,0.412,10.026,2.1,2.1
100,100,500,100,0.507,10.026,9.4,9.4
100,100,500,250,0.507,10.026,3.3,3.3
100,100,500,500,0.507,10.026,3.0,3.0
100,100,500,800,0.507,10.026,2.9,2.9
100,100,800,100,0.551,10.026,13.1,13.1
100,100,800,250,0.597,10.026,7.2,7.2
100,100,800,500,0.597,10.026,7.0,7.0
100,100,800,800,0.597,10.026,6.9,6.9
100,100,1250,100,0.747,10.026,20.1,20.1
100,100,1250,250,0.934,10.026,11.8,11.8
100,100,1250,500,0.934,10.026,11.4,11.4
100,100,1250,800,0.934,10.026,11.5,11.5
100,250,50,100,0.405,10.026,8.2,8.2
100,250,50,250,0.405,10.026,2.5,2.5
100,250,50,500,0.405,10.026,2.4,2.4
100,250,50,800,0.405,10.026,2.3,2.3
100,250,100,100,0.599,10.026,9.8,9.8
100,250,100,250,0.599,10.026,2.4,2.4
100,250,100,500,0.599,10.026,2.2,2.2
100,250,100,800,0.599,10.026,2.1,2.1
100,250,250,100,0.699,10.026,8.7,8.7
100,250,250,250,0.699,10.026,2.8,2.8
100,250,250,500,0.699,10.026,2.5,2.5
100,250,250,800,0.699,10.026,2.4,2.4
100,250,500,100,1.006,10.026,10.8,10.8
100,250,500,250,1.006,10.026,4.7,4.7
100,250,500,500,1.006,10.026,4.4,4.4
100,250,500,800,1.006,10.026,4.3,4.3
100,250,800,100,1.204,10.026,16.9,16.9
100,250,800,250,1.494,10.026,10.6,10.6
100,250,800,500,1.494,10.026,11.5,11.5
100,250,800,800,1.494,10.026,11.3,11.3
100,250,1250,100,1.868,10.026,29.2,29.2
100,250,1250,250,2.334,10.026,22.8,22.8
100,250,1250,500,2.334,10.026,23.0,23.0
100,250,1250,800,2.334,10.026,23.6,23.6
100,500,50,100,0.809,10.026,8.1,8.1
100,500,50,250,0.809,10.026,2.5,2.5
100,500,50,500,0.809,10.026,2.3,2.3
100,500,50,800,0.809,10.026,2.3,2.3
100,500,100,100,1.197,10.026,9.8,9.8
100,500,100,250,1.197,10.026,2.5,2.5
100,500,100,500,1.197,10.026,2.2,2.2
100,500,100,800,1.197,10.026,2.0,2.0
100,500,250,100,1.398,10.026,9.0,9.0
100,500,250,250,1.398,10.026,3.3,3.3
100,500,250,500,1.398,10.026,3.1,3.1
100,500,250,800,1.398,10.026,2.9,2.9
100,500,500,100,2.010,10.026,12.2,12.2
100,500,500,250,2.010,10.026,6.7,6.7
100,500,500,500,2.010,10.026,6.5,6.5
100,500,500,800,2.010,10.026,6.3,6.3
100,500,800,100,2.403,10.026,24.5,24.5
100,500,800,250,2.987,10.026,18.5,18.5
100,500,800,500,2.987,10.026,21.2,21.2
100,500,800,800,2.987,10.026,19.6,19.6
100,500,1250,100,3.736,10.026,47.8,47.8
100,500,1250,250,4.668,10.026,45.2,45.2
100,500,1250,500,4.668,10.026,45.9,45.9
100,500,1250,800,4.668,10.026,44.7,44.7
100,800,50,100,1.412,10.026,8.0,8.0
100,800,50,250,1.412,10.026,2.5,2.5
100,800,50,500,1.412,10.026,2.4,2.4
100,800,50,800,1.412,10.026,2.4,2.4
100,800,100,100,2.085,10.026,9.6,9.6
100,800,100,250,2.085,10.026,2.5,2.5
100,800,100,500,2.085,10.026,2.3,2.3
100,800,100,800,2.085,10.026,2.2,2.2
100,800,250,100,2.397,10.026,9.5,9.5
100,800,250,250,2.397,10.026,3.9,3.9
100,800,250,500,2.397,10.026,3.7,3.7
100,800,250,800,2.397,10.026,3.5,3.5
100,800,500,100,3.299,10.026,14.9,14.9
100,800,500,250,3.299,10.026,9.4,9.4
100,800,500,500,3.299,10.026,9.2,9.2
100,800,500,800,3.299,10.026,8.9,8.9
100,800,800,100,3.994,10.026,42.0,42.0
100,800,800,250,4.780,10.026,35.1,35.1
100,800,800,500,4.780,10.026,37.2,37.2
100,800,800,800,4.780,10.026,32.5,32.5
100,800,1250,100,5.978,10.026,80.7,80.7
100,800,1250,250,7.468,10.026,87.4,87.4
100,800,1250,500,7.468,10.026,78.5,78.5
100,800,1250,800,7.468,10.026,80.4,80.4
100,1250,50,100,2.023,10.026,8.3,8.3
100,1250,50,250,2.023,10.026,2.5,2.5
100,1250,50,500,2.023,10.026,2.4,2.4
100,1250,50,800,2.023,10.026,2.4,2.4
100,1250,100,100,2.993,10.026,10.3,10.3
100,1250,100,250,2.993,10.026,1.8,1.8
100,1250,100,500,2.993,10.026,1.6,1.6
100,1250,100,800,2.993,10.026,1.5,1.5
100,1250,250,100,3.493,10.026,10.7,10.7
100,1250,250,250,3.493,10.026,4.1,4.1
100,1250,250,500,3.493,10.026,3.9,3.9
100,1250,250,800,3.493,10.026,3.7,3.7
100,1250,500,100,5.020,10.026,19.0,19.0
100,1250,500,250,5.020,10.026,12.8,12.8
100,1250,500,500,5.020,10.026,12.7,12.7
100,1250,500,800,5.020,10.026,12.4,12.4
100,1250,800,100,6.001,10.026,50.0,50.0
100,1250,800,250,7.468,10.026,49.0,49.0
100,1250,800,500,7.468,10.026,47.6,47.6
100,1250,800,800,7.468,10.026,49.6,49.6
250,50,50,100,0.136,10.026,10.9,10.9
250,50,50,250,0.392,10.026,4.2,4.2
250,50,50,500,0.392,10.026,2.6,2.6
250,50,50,800,0.392,10.026,2.4,2.4
250,50,100,100,0.233,10.026,14.8,14.8
250,50,100,250,0.627,10.026,5.7,5.7
250,50,100,500,0.627,10.026,1.1,1.1
250,50,100,800,0.627,10.026,1.3,1.3
250,50,250,100,0.283,10.026,13.3,13.3
250,50,250,250,0.536,10.026,5.7,5.7
250,50,250,500,0.536,10.026,1.3,1.3
250,50,250,800,0.536,10.026,1.4,1.4
250,50,500,100,0.350,10.026,14.7,14.7
250,50,500,250,0.584,10.026,5.7,5.7
250,50,500,500,0.584,10.026,2.0,2.0
250,50,500,800,0.584,10.026,1.8,1.8
250,50,800,100,0.439,10.026,19.8,19.8
250,50,800,250,0.728,10.026,10.0,10.0
250,50,800,500,0.728,10.026,4.1,4.1
250,50,800,800,0.728,10.026,4.4,4.4
250,50,1250,100,0.550,10.026,27.2,27.2
250,50,1250,250,0.870,10.026,14.0,14.0
250,50,1250,500,0.870,10.026,8.8,8.8
250,50,1250,800,0.870,10.026,7.6,7.6
250,100,50,100,0.318,10.026,11.8,11.8
250,100,50,250,0.970,10.026,4.8,4.8
250,100,50,500,0.970,10.026,2.8,2.8
250,100,50,800,0.970,10.026,2.7,2.7
250,100,100,100,0.417,10.026,14.6,14.6
250,100,100,250,1.297,10.026,6.2,6.2
250,100,100,500,1.297,10.026,1.2,1.2
250,100,100,800,1.297,10.026,1.4,1.4
250,100,250,100,0.628,10.026,14.0,14.0
250,100,250,250,1.256,10.026,5.9,5.9
250,100,250,500,1.256,10.026,1.5,1.5
250,100,250,800,1.256,10.026,1.6,1.6
250,100,500,100,0.627,10.026,14.6,14.6
250,100,500,250,1.602,10.026,6.8,6.8
250,100,500,500,1.602,10.026,3.8,3.8
250,100,500,800,1.602,10.026,3.7,3.7
250,100,800,100,0.924,10.026,22.1,22.1
250,100,800,250,1.575,10.026,12.8,12.8
250,100,800,500,1.575,10.026,6.7,6.7
250,100,800,800,1.575,10.026,6.9,6.9
250,100,1250,100,1.087,10.026,32.0,32.0
250,100,1250,250,2.049,10.026,21.3,21.3
250,100,1250,500,2.049,10.026,15.8,15.8
250,100,1250,800,2.049,10.026,13.6,13.6
250,250,50,100,0.362,10.026,12.2,12.2
250,250,50,250,1.002,10.026,4.5,4.5
250,250,50,500,1.002,10.026,2.8,2.8
250,250,50,800,1.002,10.026,2.6,2.6
250,250,100,100,0.573,10.026,14.8,14.8
250,250,100,250,1.475,10.026,5.7,5.7
250,250,100,500,1.475,10.026,1.3,1.3
250,250,100,800,1.475,10.026,1.6,1.6
250,250,250,100,0.861,10.026,14.0,14.0
250,250,250,250,1.725,10.026,6.1,6.1
250,250,250,500,1.725,10.026,1.9,1.9
250,250,250,800,1.725,10.026,2.1,2.1
250,250,500,100,1.319,10.026,17.2,17.2
250,250,500,250,2.150,10.026,8.7,8.7
250,250,500,500,2.150,10.026,4.6,4.6
250,250,500,800,2.150,10.026,4.5,4.5
250,250,800,100,1.834,10.026,27.0,27.0
250,250,800,250,2.671,10.026,18.1,18.1
250,250,800,500,2.671,10.026,12.4,12.4
250,250,800,800,2.671,10.026,13.7,13.7
250,250,1250,100,2.748,10.026,44.7,44.7
250,250,1250,250,3.435,10.026,35.8,35.8
250,250,1250,500,3.435,10.026,26.9,26.9
250,250,1250,800,3.435,10.026,26.6,26.6
250,500,50,100,0.725,10.026,11.9,11.9
250,500,50,250,2.004,10.026,4.4,4.4
250,500,50,500,2.004,10.026,2.7,2.7
250,500,50,800,2.004,10.026,2.6,2.6
250,500,100,100,1.146,10.026,14.7,14.7
250,500,100,250,2.949,10.026,5.8,5.8
250,500,100,500,2.949,10.026,1.4,1.4
250,500,100,800,2.949,10.026,1.6,1.6
250,500,250,100,1.722,10.026,14.6,14.6
250,500,250,250,3.449,10.026,6.9,6.9
250,500,250,500,3.449,10.026,2.7,2.7
250,500,250,800,3.449,10.026,2.9,2.9
250,500,500,100,2.639,10.026,19.9,19.9
250,500,500,250,4.297,10.026,11.6,11.6
250,500,500,500,4.297,10.026,7.5,7.5
250,500,500,800,4.297,10.026,7.7,7.7
250,500,800,100,3.549,10.026,37.1,37.1
250,500,800,250,5.156,10.026,27.4,27.4
250,500,800,500,5.156,10.026,23.6,23.6
250,500,800,800,5.156,10.026,23.8,23.8
250,500,1250,100,5.380,10.026,70.4,70.4
250,500,1250,250,6.870,10.026,59.9,59.9
250,500,1250,500,6.870,10.026,51.9,51.9
250,500,1250,800,6.870,10.026,54.6,54.6
250,800,50,100,1.258,10.026,11.9,11.9
250,800,50,250,3.500,10.026,4.5,4.5
250,800,50,500,3.500,10.026,2.9,2.9
250,800,50,800,3.500,10.026,2.7,2.7
250,800,100,100,1.976,10.026,14.7,14.7
250,800,100,250,5.130,10.026,5.9,5.9
250,800,100,500,5.130,10.026,1.6,1.6
250,800,100,800,5.130,10.026,1.8,1.8
250,800,250,100,2.934,10.026,15.5,15.5
250,800,250,250,5.921,10.026,7.7,7.7
250,800,250,500,5.921,10.026,3.5,3.5
250,800,250,800,5.921,10.026,3.7,3.7
250,800,500,100,4.335,10.026,24.6,24.6
250,800,500,250,7.052,10.026,15.5,15.5
250,800,500,500,7.052,10.026,11.8,11.8
250,800,500,800,7.052,10.026,11.5,11.5
250,800,800,100,5.804,10.026,56.7,56.7
250,800,800,250,7.743,10.026,50.5,50.5
250,800,800,500,7.743,10.026,44.8,44.8
250,800,800,800,7.743,10.026,43.2,43.2
250,800,1250,100,8.601,10.026,110.9,110.9
250,1250,50,100,1.812,10.026,12.3,12.3
250,1250,50,250,5.045,10.026,5.4,5.4
250,1250,50,500,5.045,10.026,3.5,3.5
250,1250,50,800,5.045,10.026,3.4,3.4
250,1250,100,100,2.866,10.026,15.9,15.9
250,1250,100,250,5.485,10.026,7.1,7.1
250,1250,100,500,5.485,10.026,2.1,2.1
250,1250,100,800,5.485,10.026,2.4,2.4
250,1250,250,100,4.376,10.026,17.6,17.6
250,1250,250,250,6.741,10.026,10.5,10.5
250,1250,250,500,6.741,10.026,5.4,5.4
250,1250,250,800,6.741,10.026,5.7,5.7
250,1250,500,100,6.599,10.026,31.5,31.5
250,1250,500,250,9.568,10.026,23.5,23.5
250,1250,500,500,9.568,10.026,18.5,18.5
250,1250,500,800,9.568,10.026,18.3,18.3
250,1250,800,100,8.703,10.026,72.3,72.3
500,50,50,100,0.206,10.026,8.3,8.3
500,50,50,250,0.402,10.026,4.5,4.5
500,50,50,500,0.975,10.026,4.5,4.5
500,50,50,800,0.975,10.026,3.1,3.1
500,50,100,100,0.254,10.026,10.8,10.8
500,50,100,250,0.653,10.026,6.0,6.0
500,50,100,500,1.324,10.026,5.9,5.9
500,50,100,800,1.324,10.026,1.6,1.6
500,50,250,100,0.379,10.026,9.8,9.8
500,50,250,250,0.604,10.026,6.1,6.1
500,50,250,500,1.234,10.026,5.8,5.8
500,50,250,800,1.234,10.026,1.8,1.8
500,50,500,100,0.489,10.026,11.0,11.0
500,50,500,250,0.734,10.026,6.3,6.3
500,50,500,500,1.424,10.026,6.8,6.8
500,50,500,800,1.424,10.026,2.8,2.8
500,50,800,100,0.673,10.026,14.6,14.6
500,50,800,250,0.916,10.026,11.1,11.1
500,50,800,500,1.632,10.026,12.0,12.0
500,50,800,800,1.632,10.026,6.3,6.3
500,50,1250,100,0.877,10.026,20.3,20.3
500,50,1250,250,1.154,10.026,16.5,16.5
500,50,1250,500,1.903,10.026,18.3,18.3
500,50,1250,800,1.903,10.026,10.9,10.9
500,100,50,100,0.333,10.026,8.7,8.7
500,100,50,250,0.989,10.026,5.1,5.1
500,100,50,500,1.938,10.026,4.5,4.5
500,100,50,800,1.938,10.026,3.1,3.1
500,100,100,100,0.500,10.026,11.2,11.2
500,100,100,250,1.348,10.026,6.5,6.5
500,100,100,500,1.963,10.026,5.4,5.4
500,100,100,800,1.963,10.026,1.6,1.6
500,100,250,100,0.567,10.026,9.5,9.5
500,100,250,250,1.392,10.026,6.4,6.4
500,100,250,500,2.256,10.026,5.8,5.8
500,100,250,800,2.256,10.026,1.9,1.9
500,100,500,100,0.967,10.026,11.8,11.8
500,100,500,250,1.902,10.026,8.1,8.1
500,100,500,500,2.628,10.026,7.5,7.5
500,100,500,800,2.628,10.026,3.6,3.6
500,100,800,100,1.223,10.026,18.5,18.5
500,100,800,250,2.013,10.026,15.3,15.3
500,100,800,500,2.640,10.026,13.3,13.3
500,100,800,800,2.640,10.026,8.3,8.3
500,100,1250,100,1.681,10.026,29.3,29.3
500,100,1250,250,2.617,10.026,26.1,26.1
500,100,1250,500,3.136,10.026,24.0,24.0
500,100,1250,800,3.136,10.026,17.4,17.4
500,250,50,100,0.471,10.026,8.9,8.9
500,250,50,250,1.051,10.026,4.9,4.9
500,250,50,500,2.002,10.026,4.2,4.2
500,250,50,800,2.002,10.026,3.1,3.1
500,250,100,100,0.775,10.026,10.8,10.8
500,250,100,250,1.602,10.026,6.0,6.0
500,250,100,500,2.925,10.026,5.6,5.6
500,250,100,800,2.925,10.026,1.8,1.8
500,250,250,100,1.208,10.026,10.1,10.1
500,250,250,250,2.067,10.026,6.8,6.8
500,250,250,500,3.315,10.026,6.5,6.5
500,250,250,800,3.315,10.026,2.6,2.6
500,250,500,100,2.142,10.026,14.7,14.7
500,250,500,250,2.900,10.026,10.5,10.5
500,250,500,500,3.815,10.026,10.1,10.1
500,250,500,800,3.815,10.026,6.2,6.2
500,250,800,100,2.758,10.026,24.7,24.7
500,250,800,250,3.611,10.026,21.8,21.8
500,250,800,500,4.717,10.026,21.5,21.5
500,250,800,800,4.717,10.026,16.3,16.3
500,250,1250,100,4.029,10.026,48.2,48.2
500,250,1250,250,4.780,10.026,44.9,44.9
500,250,1250,500,5.374,10.026,46.1,46.1
500,250,1250,800,5.374,10.026,38.5,38.5
500,500,50,100,0.943,10.026,8.7,8.7
500,500,50,250,2.102,10.026,4.7,4.7
500,500,50,500,4.004,10.026,4.1,4.1
500,500,50,800,4.004,10.026,3.1,3.1
500,500,100,100,1.549,10.026,10.9,10.9
500,500,100,250,3.205,10.026,6.1,6.1
500,500,100,500,5.851,10.026,5.6,5.6
500,500,100,800,5.851,10.026,1.9,1.9
500,500,250,100,2.417,10.026,11.3,11.3
500,500,250,250,4.133,10.026,7.9,7.9
500,500,250,500,6.629,10.026,7.6,7.6
500,500,250,800,6.629,10.026,3.7,3.7
500,500,500,100,4.285,10.026,19.6,19.6
500,500,500,250,5.797,10.026,15.3,15.3
500,500,500,500,6.944,10.026,15.9,15.9
500,500,500,800,6.944,10.026,11.3,11.3
500,500,800,100,5.235,10.026,38.4,38.4
500,500,800,250,7.062,10.026,35.9,35.9
500,500,800,500,8.742,10.026,36.8,36.8
500,500,800,800,8.742,10.026,27.7,27.7
500,800,50,100,1.615,10.026,8.9,8.9
500,800,50,250,3.656,10.026,4.9,4.9
500,800,50,500,6.812,10.026,5.7,5.7
500,800,50,800,6.812,10.026,4.4,4.4
500,800,100,100,2.639,10.026,11.0,11.0
500,800,100,250,5.529,10.026,6.3,6.3
500,800,100,500,7.283,10.026,7.5,7.5
500,800,100,800,7.283,10.026,2.4,2.4
500,800,250,100,4.028,10.026,13.0,13.0
500,800,250,250,7.016,10.026,9.5,9.5
500,800,250,500,8.645,10.026,10.4,10.4
500,800,250,800,8.645,10.026,5.5,5.5
500,800,500,100,6.713,10.026,26.5,26.5
500,800,500,500,8.897,10.026,24.6,24.6
500,800,500,800,8.897,10.026,18.2,18.2
500,800,800,100,8.524,10.026,67.2,67.2
500,1250,50,100,2.356,10.026,9.1,9.1
500,1250,50,250,3.646,10.026,6.6,6.6
500,1250,50,500,3.669,10.026,6.6,6.6
500,1250,50,800,3.669,10.026,2.0,2.0
500,1250,100,100,3.872,10.026,12.0,12.0
500,1250,100,250,4.723,10.026,10.3,10.3
500,1250,100,500,5.841,10.026,10.5,10.5
500,1250,100,800,5.841,10.026,3.4,3.4
500,1250,250,100,6.041,10.026,16.0,16.0
500,1250,250,250,7.969,10.026,13.2,13.2
500,1250,250,500,7.969,10.026,12.8,12.8
500,1250,250,800,7.969,10.026,8.2,8.2
800,50,50,100,0.211,10.026,8.5,8.5
800,50,50,250,0.406,10.026,5.3,5.3
800,50,50,500,0.644,10.026,4.7,4.7
800,50,50,800,1.254,10.026,6.0,6.0
800,50,100,100,0.266,10.026,11.2,11.2
800,50,100,250,0.554,10.026,6.8,6.8
800,50,100,500,0.806,10.026,6.4,6.4
800,50,100,800,1.398,10.026,8.1,8.1
800,50,250,100,0.431,10.026,10.4,10.4
800,50,250,250,0.566,10.026,6.7,6.7
800,50,250,500,0.933,10.026,7.0,7.0
800,50,250,800,1.110,10.026,8.4,8.4
800,50,500,100,0.594,10.026,11.9,11.9
800,50,500,250,0.799,10.026,8.0,8.0
800,50,500,500,1.141,10.026,8.1,8.1
800,50,500,800,1.141,10.026,9.4,9.4
800,50,800,100,0.843,10.026,16.5,16.5
800,50,800,250,1.062,10.026,13.3,13.3
800,50,800,500,1.563,10.026,13.5,13.5
800,50,800,800,1.563,10.026,15.9,15.9
800,50,1250,100,1.272,10.026,24.7,24.7
800,50,1250,250,1.389,10.026,22.3,22.3
800,50,1250,500,1.715,10.026,22.2,22.2
800,50,1250,800,2.023,10.026,25.5,25.5
800,100,50,100,0.350,10.026,9.0,9.0
800,100,50,250,0.808,10.026,5.3,5.3
800,100,50,500,1.278,10.026,4.4,4.4
800,100,50,800,2.873,10.026,5.3,5.3
800,100,100,100,0.545,10.026,11.9,11.9
800,100,100,250,1.135,10.026,6.8,6.8
800,100,100,500,1.604,10.026,6.1,6.1
800,100,100,800,2.241,10.026,7.4,7.4
800,100,250,100,0.670,10.026,10.9,10.9
800,100,250,250,1.261,10.026,7.1,7.1
800,100,250,500,1.856,10.026,6.3,6.3
800,100,250,800,2.663,10.026,7.7,7.7
800,100,500,100,1.175,10.026,13.4,13.4
800,100,500,250,1.743,10.026,9.3,9.3
800,100,500,500,2.271,10.026,7.8,7.8
800,100,500,800,2.271,10.026,9.2,9.2
800,100,800,100,1.558,10.026,22.8,22.8
800,100,800,250,2.267,10.026,16.2,16.2
800,100,800,500,2.751,10.026,14.0,14.0
800,100,800,800,2.773,10.026,16.6,16.6
800,100,1250,100,2.291,10.026,37.0,37.0
800,100,1250,250,2.809,10.026,30.3,30.3
800,100,1250,500,3.845,10.026,24.6,24.6
800,100,1250,800,4.020,10.026,27.9,27.9
800,250,50,100,0.525,10.026,9.4,9.4
800,250,50,250,0.895,10.026,5.4,5.4
800,250,50,500,1.684,10.026,5.0,5.0
800,250,50,800,3.184,10.026,6.1,6.1
800,250,100,100,0.886,10.026,11.3,11.3
800,250,100,250,1.423,10.026,6.7,6.7
800,250,100,500,2.511,10.026,6.2,6.2
800,250,100,800,3.517,10.026,7.6,7.6
800,250,250,100,1.487,10.026,11.4,11.4
800,250,250,250,2.021,10.026,7.9,7.9
800,250,250,500,3.140,10.026,7.4,7.4
800,250,250,800,4.152,10.026,8.7,8.7
800,250,500,100,2.657,10.026,17.6,17.6
800,250,500,250,3.221,10.026,13.0,13.0
800,250,500,500,4.171,10.026,12.1,12.1
800,250,500,800,5.359,10.026,13.4,13.4
800,250,800,100,3.655,10.026,31.2,31.2
800,250,800,250,4.077,10.026,26.5,26.5
800,250,800,500,5.227,10.026,25.9,25.9
800,250,800,800,6.497,10.026,28.0,28.0
800,250,1250,100,5.713,10.026,61.4,61.4
800,250,1250,250,5.730,10.026,54.6,54.6
800,250,1250,500,6.601,10.026,60.6,60.6
800,250,1250,800,7.029,10.026,60.9,60.9
800,500,50,100,1.051,10.026,9.2,9.2
800,500,50,250,1.780,10.026,5.3,5.3
800,500,50,500,3.367,10.026,4.8,4.8
800,500,50,800,6.443,10.026,5.9,5.9
800,500,100,100,1.772,10.026,11.7,11.7
800,500,100,250,2.846,10.026,7.0,7.0
800,500,100,500,5.023,10.026,6.4,6.4
800,500,100,800,6.990,10.026,7.8,7.8
800,500,250,100,2.973,10.026,13.2,13.2
800,500,250,250,4.041,10.026,9.5,9.5
800,500,250,500,6.280,10.026,9.0,9.0
800,500,250,800,8.261,10.026,10.3,10.3
800,500,500,100,5.312,10.026,24.8,24.8
800,500,500,250,6.255,10.026,19.5,19.5
800,500,500,500,8.341,10.026,18.2,18.2
800,500,800,100,7.156,10.026,49.9,49.9
800,500,800,250,8.149,10.026,43.6,43.6
800,800,50,100,1.789,10.026,9.3,9.3
800,800,50,250,3.055,10.026,5.3,5.3
800,800,50,500,4.039,10.026,7.4,7.4
800,800,50,800,4.039,10.026,6.8,6.8
800,800,100,100,2.997,10.026,11.8,11.8
800,800,100,250,4.874,10.026,7.3,7.3
800,800,100,500,4.968,10.026,10.1,10.1
800,800,100,800,6.257,10.026,10.6,10.6
800,800,250,100,4.918,10.026,15.6,15.6
800,800,250,250,6.788,10.026,11.6,11.6
800,800,250,500,7.172,10.026,14.7,14.7
800,800,250,800,8.360,10.026,15.2,15.2
800,800,500,100,8.501,10.026,35.1,35.1
800,1250,50,100,2.627,10.026,9.8,9.8
800,1250,50,250,3.723,10.026,7.2,7.2
800,1250,50,500,3.894,10.026,7.1,7.1
800,1250,50,800,3.964,10.026,7.0,7.0
800,1250,100,100,4.431,10.026,13.3,13.3
800,1250,100,250,4.986,10.026,11.4,11.4
800,1250,100,500,6.344,10.026,11.3,11.3
800,1250,100,800,6.344,10.026,9.4,9.4
800,1250,250,100,7.432,10.026,19.8,19.8
800,1250,250,250,7.660,10.026,19.1,19.1
800,1250,250,500,9.024,10.026,18.6,18.6
800,1250,250,800,9.024,10.026,18.1,18.1
1250,50,50,100,0.213,10.026,12.9,12.9
1250,50,50,250,0.417,10.026,5.4,5.4
1250,50,50,500,0.789,10.026,9.2,9.2
1250,50,50,800,0.789,10.026,7.3,7.3
1250,50,100,100,0.336,10.026,17.7,17.7
1250,50,100,250,0.707,10.026,7.2,7.2
1250,50,100,500,1.152,10.026,11.4,11.4
1250,50,100,800,1.152,10.026,11.0,11.0
1250,50,250,100,0.482,10.026,16.3,16.3
1250,50,250,250,0.743,10.026,7.3,7.3
1250,50,250,500,1.452,10.026,11.9,11.9
1250,50,250,800,1.452,10.026,11.3,11.3
1250,50,500,100,0.842,10.026,17.4,17.4
1250,50,500,250,1.036,10.026,8.4,8.4
1250,50,500,500,1.518,10.026,13.2,13.2
1250,50,500,800,1.586,10.026,12.7,12.7
1250,50,800,100,1.183,10.026,27.2,27.2
1250,50,800,250,1.362,10.026,15.0,15.0
1250,50,800,500,1.825,10.026,22.2,22.2
1250,50,800,800,1.893,10.026,21.8,21.8
1250,50,1250,100,1.779,10.026,40.4,40.4
1250,50,1250,250,1.909,10.026,24.6,24.6
1250,50,1250,500,2.575,10.026,34.1,34.1
1250,50,1250,800,2.575,10.026,34.5,34.5
1250,100,50,100,0.371,10.026,12.8,12.8
1250,100,50,250,1.018,10.026,5.8,5.8
1250,100,50,500,1.569,10.026,8.3,8.3
1250,100,50,800,1.569,10.026,6.8,6.8
1250,100,100,100,0.615,10.026,16.7,16.7
1250,100,100,250,1.457,10.026,7.7,7.7
1250,100,100,500,1.732,10.026,11.9,11.9
1250,100,100,800,1.732,10.026,10.5,10.5
1250,100,250,100,0.899,10.026,16.3,16.3
1250,100,250,250,1.671,10.026,7.9,7.9
1250,100,250,500,2.338,10.026,11.9,11.9
1250,100,250,800,2.338,10.026,10.8,10.8
1250,100,500,100,1.574,10.026,19.2,19.2
1250,100,500,250,2.507,10.026,12.0,12.0
1250,100,500,500,2.843,10.026,15.6,15.6
1250,100,500,800,2.843,10.026,13.5,13.5
1250,100,800,100,2.361,10.026,31.0,31.0
1250,100,800,250,2.905,10.026,24.7,24.7
1250,100,800,500,3.784,10.026,28.0,28.0
1250,100,800,800,3.784,10.026,24.8,24.8
1250,100,1250,100,3.548,10.026,49.9,49.9
1250,100,1250,250,4.128,10.026,46.4,46.4
1250,100,1250,500,4.365,10.026,48.2,48.2
1250,100,1250,800,4.625,10.026,42.2,42.2
1250,250,50,100,0.594,10.026,13.8,13.8
1250,250,50,250,1.163,10.026,5.7,5.7
1250,250,50,500,1.793,10.026,8.7,8.7
1250,250,50,800,1.818,10.026,7.0,7.0
1250,250,100,100,1.038,10.026,17.0,17.0
1250,250,100,250,1.874,10.026,7.3,7.3
1250,250,100,500,2.776,10.026,11.4,11.4
1250,250,100,800,2.776,10.026,10.5,10.5
1250,250,250,100,1.890,10.026,17.6,17.6
1250,250,250,250,2.764,10.026,9.1,9.1
1250,250,250,500,3.686,10.026,13.2,13.2
1250,250,250,800,3.686,10.026,12.0,12.0
1250,250,500,100,3.566,10.026,26.3,26.3
1250,250,500,250,4.410,10.026,16.8,16.8
1250,250,500,500,5.182,10.026,20.4,20.4
1250,250,500,800,5.523,10.026,19.3,19.3
1250,250,800,100,5.666,10.026,47.5,47.5
1250,250,800,250,5.842,10.026,34.9,34.9
1250,250,800,500,6.777,10.026,40.6,40.6
1250,250,800,800,6.973,10.026,38.6,38.6
1250,250,1250,100,8.857,10.026,91.5,91.5
1250,250,1250,250,8.857,10.026,83.4,83.4
1250,250,1250,500,8.857,10.026,93.1,93.1
1250,500,50,100,1.191,10.026,13.5,13.5
1250,500,50,250,2.312,10.026,5.7,5.7
1250,500,50,500,3.609,10.026,8.6,8.6
1250,500,50,800,3.641,10.026,7.0,7.0
1250,500,100,100,2.075,10.026,17.0,17.0
1250,500,100,250,3.748,10.026,7.6,7.6
1250,500,100,500,5.568,10.026,11.8,11.8
1250,500,100,800,5.568,10.026,10.7,10.7
1250,500,250,100,3.779,10.026,20.1,20.1
1250,500,250,250,5.528,10.026,11.6,11.6
1250,500,250,500,7.371,10.026,15.4,15.4
1250,500,250,800,7.371,10.026,14.5,14.5
1250,500,500,100,7.080,10.026,36.4,36.4
1250,500,500,250,8.586,10.026,26.7,26.7
1250,500,500,500,9.372,10.026,36.8,36.8
1250,800,50,100,2.005,10.026,13.5,13.5
1250,800,50,250,3.957,10.026,5.9,5.9
1250,800,50,500,4.805,10.026,11.9,11.9
1250,800,50,800,4.887,10.026,7.0,7.0
1250,800,100,100,3.446,10.026,17.5,17.5
1250,800,100,250,6.399,10.026,8.3,8.3
1250,800,100,500,6.399,10.026,18.7,18.7
1250,800,100,800,6.716,10.026,11.3,11.3
1250,800,250,100,6.130,10.026,23.6,23.6
1250,800,250,250,7.710,10.026,18.2,18.2
1250,800,250,500,7.943,10.026,25.3,25.3
1250,800,250,800,9.250,10.026,17.9,17.9
1250,1250,50,100,2.978,10.026,14.4,14.4
1250,1250,50,250,4.499,10.026,7.9,7.9
1250,1250,50,500,4.676,10.026,13.0,13.0
1250,1250,50,800,4.704,10.026,7.7,7.7
1250,1250,100,100,5.187,10.026,19.8,19.8
1250,1250,100,250,5.886,10.026,12.8,12.8
1250,1250,100,500,7.172,10.026,21.1,21.1
1250,1250,100,800,7.317,10.026,12.9,12.9
1250,1250,250,100,9.334,10.026,29.8,29.8
50,50,50,100,0.078,20.053,7.5,7.5
50,50,50,250,0.078,20.053,2.9,2.9
50,50,50,500,0.078,20.053,3.0,3.0
50,50,50,800,0.078,20.053,3.0,3.0
50,50,100,100,0.134,20.053,8.1,8.1
50,50,100,250,0.134,20.053,2.9,2.9
50,50,100,500,0.134,20.053,2.8,2.8
50,50,100,800,0.134,20.053,2.7,2.7
50,50,250,100,0.117,20.053,5.7,5.7
50,50,250,250,0.117,20.053,2.0,2.0
50,50,250,500,0.117,20.053,2.0,2.0
50,50,250,800,0.117,20.053,1.9,1.9
50,50,500,100,0.194,20.053,7.1,7.1
50,50,500,250,0.194,20.053,3.1,3.1
50,50,500,500,0.194,20.053,3.1,3.1
50,50,500,800,0.194,20.053,3.2,3.2
50,50,800,100,0.176,20.053,8.9,8.9
50,50,800,250,0.176,20.053,5.0,5.0
50,50,800,500,0.176,20.053,4.9,4.9
50,50,800,800,0.176,20.053,5.0,5.0
50,50,1250,100,0.341,20.053,11.8,11.8
50,50,1250,250,0.341,20.053,8.7,8.7
50,50,1250,500,0.341,20.053,8.7,8.7
50,50,1250,800,0.341,20.053,8.2,8.2
50,100,50,100,0.157,20.053,7.2,7.2
50,100,50,250,0.157,20.053,2.7,2.7
50,100,50,500,0.157,20.053,2.8,2.8
50,100,50,800,0.157,20.053,2.8,2.8
50,100,100,100,0.232,20.053,7.1,7.1
50,100,100,250,0.232,20.053,1.9,1.9
50,100,100,500,0.232,20.053,1.9,1.9
50,100,100,800,0.232,20.053,1.8,1.8
50,100,250,100,0.254,20.053,7.5,7.5
50,100,250,250,0.254,20.053,3.7,3.7
50,100,250,500,0.254,20.053,3.7,3.7
50,100,250,800,0.254,20.053,3.6,3.6
50,100,500,100,0.386,20.053,6.6,6.6
50,100,500,250,0.386,20.053,2.8,2.8
50,100,500,500,0.386,20.053,2.7,2.7
50,100,500,800,0.386,20.053,2.6,2.6
50,100,800,100,0.353,20.053,9.5,9.5
50,100,800,250,0.353,20.053,6.3,6.3
50,100,800,500,0.353,20.053,6.2,6.2
50,100,800,800,0.353,20.053,6.3,6.3
50,100,1250,100,0.668,20.053,13.4,13.4
50,100,1250,250,0.668,20.053,11.2,11.2
50,100,1250,500,0.668,20.053,12.0,12.0
50,100,1250,800,0.668,20.053,10.8,10.8
50,250,50,100,0.202,20.053,6.8,6.8
50,250,50,250,0.202,20.053,2.2,2.2
50,250,50,500,0.202,20.053,2.3,2.3
50,250,50,800,0.202,20.053,2.3,2.3
50,250,100,100,0.308,20.053,7.4,7.4
50,250,100,250,0.308,20.053,2.1,2.1
50,250,100,500,0.308,20.053,2.1,2.1
50,250,100,800,0.308,20.053,2.1,2.1
50,250,250,100,0.394,20.053,6.2,6.2
50,250,250,250,0.394,20.053,2.4,2.4
50,250,250,500,0.394,20.053,2.4,2.4
50,250,250,800,0.394,20.053,2.3,2.3
50,250,500,100,0.960,20.053,7.6,7.6
50,250,500,250,0.960,20.053,3.8,3.8
50,250,500,500,0.960,20.053,3.8,3.8
50,250,500,800,0.960,20.053,3.7,3.7
50,250,800,100,0.767,20.053,12.1,12.1
50,250,800,250,0.767,20.053,9.8,9.8
50,250,800,500,0.767,20.053,9.3,9.3
50,250,800,800,0.767,20.053,10.4,10.4
50,250,1250,100,1.649,20.053,21.2,21.2
50,250,1250,250,1.649,20.053,21.4,21.4
50,250,1250,500,1.649,20.053,21.9,21.9
50,250,1250,800,1.649,20.053,22.3,22.3
50,500,50,100,0.405,20.053,7.7,7.7
50,500,50,250,0.405,20.053,3.1,3.1
50,500,50,500,0.405,20.053,3.2,3.2
50,500,50,800,0.405,20.053,3.2,3.2
50,500,100,100,0.616,20.053,7.4,7.4
50,500,100,250,0.616,20.053,2.1,2.1
50,500,100,500,0.616,20.053,2.1,2.1
50,500,100,800,0.616,20.053,2.1,2.1
50,500,250,100,0.788,20.053,6.5,6.5
50,500,250,250,0.788,20.053,2.9,2.9
50,500,250,500,0.788,20.053,2.8,2.8
50,500,250,800,0.788,20.053,2.7,2.7
50,500,500,100,1.917,20.053,9.0,9.0
50,500,500,250,1.917,20.053,5.5,5.5
50,500,500,500,1.917,20.053,5.6,5.6
50,500,500,800,1.917,20.053,5.6,5.6
50,500,800,100,1.526,20.053,17.7,17.7
50,500,800,250,1.526,20.053,16.0,16.0
50,500,800,500,1.526,20.053,17.6,17.6
50,500,800,800,1.526,20.053,16.6,16.6
50,500,1250,100,3.285,20.053,38.1,38.1
50,500,1250,250,3.285,20.053,35.9,35.9
50,500,1250,500,3.285,20.053,36.0,36.0
50,500,1250,800,3.285,20.053,38.1,38.1
50,800,50,100,0.706,20.053,7.6,7.6
50,800,50,250,0.706,20.053,3.0,3.0
50,800,50,500,0.706,20.053,3.1,3.1
50,800,50,800,0.706,20.053,3.1,3.1
50,800,100,100,1.069,20.053,7.3,7.3
50,800,100,250,1.069,20.053,2.1,2.1
50,800,100,500,1.069,20.053,2.1,2.1
50,800,100,800,1.069,20.053,2.1,2.1
50,800,250,100,1.341,20.053,6.8,6.8
50,800,250,250,1.341,20.053,3.3,3.3
50,800,250,500,1.341,20.053,3.2,3.2
50,800,250,800,1.341,20.053,3.1,3.1
50,800,500,100,3.065,20.053,10.9,10.9
50,800,500,250,3.065,20.053,7.7,7.7
50,800,500,500,3.065,20.053,7.7,7.7
50,800,500,800,3.065,20.053,7.7,7.7
50,800,800,100,2.466,20.053,30.1,30.1
50,800,800,250,2.466,20.053,29.4,29.4
50,800,800,500,2.466,20.053,29.4,29.4
50,800,800,800,2.466,20.053,28.8,28.8
50,800,1250,100,5.248,20.053,68.9,68.9
50,800,1250,250,5.248,20.053,66.3,66.3
50,800,1250,500,5.248,20.053,66.2,66.2
50,800,1250,800,5.248,20.053,76.0,76.0
50,1250,50,100,1.012,20.053,6.9,6.9
50,1250,50,250,1.012,20.053,2.3,2.3
50,1250,50,500,1.012,20.053,2.3,2.3
50,1250,50,800,1.012,20.053,2.4,2.4
50,1250,100,100,1.539,20.053,6.7,6.7
50,1250,100,250,1.539,20.053,1.4,1.4
50,1250,100,500,1.539,20.053,1.4,1.4
50,1250,100,800,1.539,20.053,1.4,1.4
50,1250,250,100,1.970,20.053,6.6,6.6
50,1250,250,250,1.970,20.053,3.3,3.3
50,1250,250,500,1.970,20.053,3.3,3.3
50,1250,250,800,1.970,20.053,3.2,3.2
50,1250,500,100,4.787,20.053,13.2,13.2
50,1250,500,250,4.787,20.053,10.1,10.1
50,1250,500,500,4.787,20.053,10.1,10.1
50,1250,500,800,4.787,20.053,10.0,10.0
50,1250,800,100,3.803,20.053,39.2,39.2
50,1250,800,250,3.803,20.053,38.3,38.3
50,1250,800,500,3.803,20.053,38.1,38.1
50,1250,800,800,3.803,20.053,38.9,38.9
50,1250,1250,100,8.192,20.053,101.5,101.5
50,1250,1250,250,8.192,20.053,109.7,109.7
50,1250,1250,500,8.192,20.053,85.3,85.3
50,1250,1250,800,8.192,20.053,106.4,106.4
100,50,50,100,0.196,20.053,6.4,6.4
100,50,50,250,0.196,20.053,2.2,2.2
100,50,50,500,0.196,20.053,2.0,2.0
100,50,50,800,0.196,20.053,2.1,2.1
100,50,100,100,0.234,20.053,7.2,7.2
100,50,100,250,0.234,20.053,2.2,2.2
100,50,100,500,0.234,20.053,2.0,2.0
100,50,100,800,0.234,20.053,1.9,1.9
100,50,250,100,0.286,20.053,7.5,7.5
100,50,250,250,0.286,20.053,4.0,4.0
100,50,250,500,0.286,20.053,3.8,3.8
100,50,250,800,0.286,20.053,3.6,3.6
100,50,500,100,0.284,20.053,8.1,8.1
100,50,500,250,0.284,20.053,4.4,4.4
100,50,500,500,0.284,20.053,4.2,4.2
100,50,500,800,0.284,20.053,4.1,4.1
100,50,800,100,0.337,20.053,8.0,8.0
100,50,800,250,0.337,20.053,4.4,4.4
100,50,800,500,0.337,20.053,4.2,4.2
100,50,800,800,0.337,20.053,4.1,4.1
100,50,1250,100,0.412,20.053,10.5,10.5
100,50,1250,250,0.467,20.053,7.2,7.2
100,50,1250,500,0.467,20.053,7.2,7.2
100,50,1250,800,0.467,20.053,6.7,6.7
100,100,50,100,0.313,20.053,6.6,6.6
100,100,50,250,0.313,20.053,2.3,2.3
100,100,50,500,0.313,20.053,2.2,2.2
100,100,50,800,0.313,20.053,2.2,2.2
100,100,100,100,0.422,20.053,8.7,8.7
100,100,100,250,0.422,20.053,3.8,3.8
100,100,100,500,0.422,20.053,3.6,3.6
100,100,100,800,0.422,20.053,3.5,3.5
100,100,250,100,0.412,20.053,5.8,5.8
100,100,250,250,0.412,20.053,2.3,2.3
100,100,250,500,0.412,20.053,2.1,2.1
100,100,250,800,0.412,20.053,2.0,2.0
100,100,500,100,0.507,20.053,6.8,6.8
100,100,500,250,0.507,20.053,3.1,3.1
100,100,500,500,0.507,20.053,2.9,2.9
100,100,500,800,0.507,20.053,2.8,2.8
100,100,800,100,0.551,20.053,10.4,10.4
100,100,800,250,0.597,20.053,7.0,7.0
100,100,800,500,0.597,20.053,6.8,6.8
100,100,800,800,0.597,20.053,6.6,6.6
100,100,1250,100,0.747,20.053,14.1,14.1
100,100,1250,250,0.934,20.053,12.1,12.1
100,100,1250,500,0.934,20.053,11.3,11.3
100,100,1250,800,0.934,20.053,11.1,11.1
100,250,50,100,0.405,20.053,6.8,6.8
100,250,50,250,0.405,20.053,2.4,2.4
100,250,50,500,0.405,20.053,2.2,2.2
100,250,50,800,0.405,20.053,2.3,2.3
100,250,100,100,0.599,20.053,7.4,7.4
100,250,100,250,0.599,20.053,2.3,2.3
100,250,100,500,0.599,20.053,2.1,2.1
100,250,100,800,0.599,20.053,2.0,2.0
100,250,250,100,0.699,20.053,6.2,6.2
100,250,250,250,0.699,20.053,2.6,2.6
100,250,250,500,0.699,20.053,2.4,2.4
100,250,250,800,0.699,20.053,2.3,2.3
100,250,500,100,1.006,20.053,7.9,7.9
100,250,500,250,1.006,20.053,4.3,4.3
100,250,500,500,1.006,20.053,4.1,4.1
100,250,500,800,1.006,20.053,4.0,4.0
100,250,800,100,1.204,20.053,13.2,13.2
100,250,800,250,1.494,20.053,10.9,10.9
100,250,800,500,1.494,20.053,10.0,10.0
100,250,800,800,1.494,20.053,10.8,10.8
100,250,1250,100,1.868,20.053,22.3,22.3
100,250,1250,250,2.334,20.053,21.3,21.3
100,250,1250,500,2.334,20.053,19.6,19.6
100,250,1250,800,2.334,20.053,22.9,22.9
100,500,50,100,0.809,20.053,6.8,6.8
100,500,50,250,0.809,20.053,2.3,2.3
100,500,50,500,0.809,20.053,2.2,2.2
100,500,50,800,0.809,20.053,2.2,2.2
100,500,100,100,1.197,20.053,7.4,7.4
100,500,100,250,1.197,20.053,2.3,2.3
100,500,100,500,1.197,20.053,2.1,2.1
100,500,100,800,1.197,20.053,2.0,2.0
100,500,250,100,1.398,20.053,6.7,6.7
100,500,250,250,1.398,20.053,3.1,3.1
100,500,250,500,1.398,20.053,2.9,2.9
100,500,250,800,1.398,20.053,2.8,2.8
100,500,500,100,2.010,20.053,9.6,9.6
100,500,500,250,2.010,20.053,6.4,6.4
100,500,500,500,2.010,20.053,6.1,6.1
100,500,500,800,2.010,20.053,6.0,6.0
100,500,800,100,2.403,20.053,18.9,18.9
100,500,800,250,2.987,20.053,17.3,17.3
100,500,800,500,2.987,20.053,17.1,17.1
100,500,800,800,2.987,20.053,17.2,17.2
100,500,1250,100,3.736,20.053,44.9,44.9
100,500,1250,250,4.668,20.053,42.1,42.1
100,500,1250,500,4.668,20.053,43.1,43.1
100,500,1250,800,4.668,20.053,41.0,41.0
100,800,50,100,1.412,20.053,6.7,6.7
100,800,50,250,1.412,20.053,2.3,2.3
100,800,50,500,1.412,20.053,2.2,2.2
100,800,50,800,1.412,20.053,2.2,2.2
100,800,100,100,2.085,20.053,7.4,7.4
100,800,100,250,2.085,20.053,2.4,2.4
100,800,100,500,2.085,20.053,2.2,2.2
100,800,100,800,2.085,20.053,2.1,2.1
100,800,250,100,2.397,20.053,7.1,7.1
100,800,250,250,2.397,20.053,3.7,3.7
100,800,250,500,2.397,20.053,3.5,3.5
100,800,250,800,2.397,20.053,3.4,3.4
100,800,500,100,3.299,20.053,12.1,12.1
100,800,500,250,3.299,20.053,8.9,8.9
100,800,500,500,3.299,20.053,8.8,8.8
100,800,500,800,3.299,20.053,8.6,8.6
100,800,800,100,3.994,20.053,31.9,31.9
100,800,800,250,4.780,20.053,30.9,30.9
100,800,800,500,4.780,20.053,30.7,30.7
100,800,800,800,4.780,20.053,31.8,31.8
100,800,1250,100,5.978,20.053,82.3,82.3
100,800,1250,250,7.468,20.053,80.2,80.2
100,800,1250,500,7.468,20.053,85.8,85.8
100,800,1250,800,7.468,20.053,78.2,78.2
100,1250,50,100,2.023,20.053,6.9,6.9
100,1250,50,250,2.023,20.053,2.5,2.5
100,1250,50,500,2.023,20.053,2.3,2.3
100,1250,50,800,2.023,20.053,2.3,2.3
100,1250,100,100,2.993,20.053,6.8,6.8
100,1250,100,250,2.993,20.053,1.7,1.7
100,1250,100,500,2.993,20.053,1.5,1.5
100,1250,100,800,2.993,20.053,1.4,1.4
100,1250,250,100,3.493,20.053,7.1,7.1
100,1250,250,250,3.493,20.053,3.8,3.8
100,1250,250,500,3.493,20.053,3.5,3.5
100,1250,250,800,3.493,20.053,3.5,3.5
100,1250,500,100,5.020,20.053,14.7,14.7
100,1250,500,250,5.020,20.053,11.9,11.9
100,1250,500,500,5.020,20.053,11.7,11.7
100,1250,500,800,5.020,20.053,11.6,11.6
100,1250,800,100,6.001,20.053,40.3,40.3
100,1250,800,250,7.468,20.053,38.3,38.3
100,1250,800,500,7.468,20.053,37.1,37.1
100,1250,800,800,7.468,20.053,44.4,44.4
100,1250,1250,100,9.340,20.053,112.5,112.5
100,1250,1250,250,11.669,20.053,126.9,126.9
100,1250,1250,500,11.669,20.053,104.9,104.9
100,1250,1250,800,11.669,20.053,104.6,104.6
250,50,50,100,0.136,20.053,9.7,9.7
250,50,50,250,0.392,20.053,3.0,3.0
250,50,50,500,0.392,20.053,2.5,2.5
250,50,50,800,0.392,20.053,2.3,2.3
250,50,100,100,0.233,20.053,9.8,9.8
250,50,100,250,0.627,20.053,1.8,1.8
250,50,100,500,0.627,20.053,1.1,1.1
250,50,100,800,0.627,20.053,1.3,1.3
250,50,250,100,0.283,20.053,8.3,8.3
250,50,250,250,0.536,20.053,1.9,1.9
250,50,250,500,0.536,20.053,1.3,1.3
250,50,250,800,0.536,20.053,1.4,1.4
250,50,500,100,0.350,20.053,12.0,12.0
250,50,500,250,0.584,20.053,2.4,2.4
250,50,500,500,0.584,20.053,1.9,1.9
250,50,500,800,0.584,20.053,1.8,1.8
250,50,800,100,0.439,20.053,14.7,14.7
250,50,800,250,0.728,20.053,4.9,4.9
250,50,800,500,0.728,20.053,3.9,3.9
250,50,800,800,0.728,20.053,4.1,4.1
250,50,1250,100,0.550,20.053,19.8,19.8
250,50,1250,250,0.870,20.053,8.2,8.2
250,50,1250,500,0.870,20.053,7.6,7.6
250,50,1250,800,0.870,20.053,7.3,7.3
250,100,50,100,0.318,20.053,10.5,10.5
250,100,50,250,0.970,20.053,3.2,3.2
250,100,50,500,0.970,20.053,2.7,2.7
250,100,50,800,0.970,20.053,2.6,2.6
250,100,100,100,0.417,20.053,10.7,10.7
250,100,100,250,1.297,20.053,1.9,1.9
250,100,100,500,1.297,20.053,1.2,1.2
250,100,100,800,1.297,20.053,1.4,1.4
250,100,250,100,0.628,20.053,10.3,10.3
250,100,250,250,1.256,20.053,2.1,2.1
250,100,250,500,1.256,20.053,1.4,1.4
250,100,250,800,1.256,20.053,1.5,1.5
250,100,500,100,0.627,20.053,10.9,10.9
250,100,500,250,1.602,20.053,4.2,4.2
250,100,500,500,1.602,20.053,3.7,3.7
250,100,500,800,1.602,20.053,3.5,3.5
250,100,800,100,0.924,20.053,15.1,15.1
250,100,800,250,1.575,20.053,7.3,7.3
250,100,800,500,1.575,20.053,6.5,6.5
250,100,800,800,1.575,20.053,7.2,7.2
250,100,1250,100,1.087,20.053,21.3,21.3
250,100,1250,250,2.049,20.053,14.0,14.0
250,100,1250,500,2.049,20.053,14.2,14.2
250,100,1250,800,2.049,20.053,13.5,13.5
250,250,50,100,0.362,20.053,9.7,9.7
250,250,50,250,1.002,20.053,3.3,3.3
250,250,50,500,1.002,20.053,2.7,2.7
250,250,50,800,1.002,20.053,2.6,2.6
250,250,100,100,0.573,20.053,10.1,10.1
250,250,100,250,1.475,20.053,2.0,2.0
250,250,100,500,1.475,20.053,1.2,1.2
250,250,100,800,1.475,20.053,1.4,1.4
250,250,250,100,0.861,20.053,9.1,9.1
250,250,250,250,1.725,20.053,2.5,2.5
250,250,250,500,1.725,20.053,1.8,1.8
250,250,250,800,1.725,20.053,2.0,2.0
250,250,500,100,1.319,20.053,11.9,11.9
250,250,500,250,2.150,20.053,4.8,4.8
250,250,500,500,2.150,20.053,4.3,4.3
250,250,500,800,2.150,20.053,4.2,4.2
250,250,800,100,1.834,20.053,18.9,18.9
250,250,800,250,2.671,20.053,12.8,12.8
250,250,800,500,2.671,20.053,12.1,12.1
250,250,800,800,2.671,20.053,12.2,12.2
250,250,1250,100,2.748,20.053,34.0,34.0
250,250,1250,250,3.435,20.053,26.0,26.0
250,250,1250,500,3.435,20.053,28.0,28.0
250,250,1250,800,3.435,20.053,27.4,27.4
250,500,50,100,0.725,20.053,11.6,11.6
250,500,50,250,2.004,20.053,3.3,3.3
250,500,50,500,2.004,20.053,2.7,2.7
250,500,50,800,2.004,20.053,2.6,2.6
250,500,100,100,1.146,20.053,10.1,10.1
250,500,100,250,2.949,20.053,2.0,2.0
250,500,100,500,2.949,20.053,1.3,1.3
250,500,100,800,2.949,20.053,1.5,1.5
250,500,250,100,1.722,20.053,9.9,9.9
250,500,250,250,3.449,20.053,3.1,3.1
250,500,250,500,3.449,20.053,2.5,2.5
250,500,250,800,3.449,20.053,2.7,2.7
250,500,500,100,2.639,20.053,14.9,14.9
250,500,500,250,4.297,20.053,7.8,7.8
250,500,500,500,4.297,20.053,7.0,7.0
250,500,500,800,4.297,20.053,7.2,7.2
250,500,800,100,3.549,20.053,28.3,28.3
250,500,800,250,5.156,20.053,21.3,21.3
250,500,800,500,5.156,20.053,22.6,22.6
250,500,800,800,5.156,20.053,20.8,20.8
250,500,1250,100,5.380,20.053,65.5,65.5
250,500,1250,250,6.870,20.053,54.5,54.5
250,500,1250,500,6.870,20.053,53.7,53.7
250,500,1250,800,6.870,20.053,50.0,50.0
250,800,50,100,1.258,20.053,11.5,11.5
250,800,50,250,3.500,20.053,3.3,3.3
250,800,50,500,3.500,20.053,2.7,2.7
250,800,50,800,3.500,20.053,2.6,2.6
250,800,100,100,1.976,20.053,10.2,10.2
250,800,100,250,5.130,20.053,2.1,2.1
250,800,100,500,5.130,20.053,1.5,1.5
250,800,100,800,5.130,20.053,1.6,1.6
250,800,250,100,2.934,20.053,10.8,10.8
250,800,250,250,5.921,20.053,4.0,4.0
250,800,250,500,5.921,20.053,3.4,3.4
250,800,250,800,5.921,20.053,3.6,3.6
250,800,500,100,4.335,20.053,19.5,19.5
250,800,500,250,7.052,20.053,11.7,11.7
250,800,500,500,7.052,20.053,11.3,11.3
250,800,500,800,7.052,20.053,11.0,11.0
250,800,800,100,5.804,20.053,49.1,49.1
250,800,800,250,8.626,20.053,44.5,44.5
250,800,800,500,8.626,20.053,39.7,39.7
250,800,800,800,8.626,20.053,39.4,39.4
250,800,1250,100,8.601,20.053,106.1,106.1
250,800,1250,250,10.992,20.053,112.3,112.3
250,800,1250,500,10.992,20.053,93.5,93.5
250,800,1250,800,10.992,20.053,95.6,95.6
250,1250,50,100,1.812,20.053,9.6,9.6
250,1250,50,250,5.011,20.053,4.3,4.3
250,1250,50,500,5.011,20.053,2.8,2.8
250,1250,50,800,5.011,20.053,2.7,2.7
250,1250,100,100,2.866,20.053,8.8,8.8
250,1250,100,250,7.372,20.053,6.0,6.0
250,1250,100,500,7.372,20.053,1.8,1.8
250,1250,100,800,7.372,20.053,1.9,1.9
250,1250,250,100,4.376,20.053,10.5,10.5
250,1250,250,250,8.479,20.053,8.9,8.9
250,1250,250,500,8.479,20.053,4.8,4.8
250,1250,250,800,8.479,20.053,5.0,5.0
250,1250,500,100,6.599,20.053,23.5,23.5
250,1250,500,250,10.455,20.053,20.8,20.8
250,1250,500,500,10.455,20.053,17.1,17.1
250,1250,500,800,10.455,20.053,17.0,17.0
250,1250,800,100,8.703,20.053,58.1,58.1
250,1250,800,250,11.861,20.053,59.1,59.1
250,1250,800,500,11.861,20.053,51.3,51.3
250,1250,800,800,11.861,20.053,52.0,52.0
250,1250,1250,100,13.431,20.053,151.1,151.1
250,1250,1250,250,15.044,20.053,145.5,145.5
250,1250,1250,500,15.044,20.053,141.5,141.5
250,1250,1250,800,15.044,20.053,135.3,135.3
500,50,50,100,0.206,20.053,8.1,8.1
500,50,50,250,0.402,20.053,3.3,3.3
500,50,50,500,0.975,20.053,2.9,2.9
500,50,50,800,0.975,20.053,3.0,3.0
500,50,100,100,0.254,20.053,7.8,7.8
500,50,100,250,0.653,20.053,2.1,2.1
500,50,100,500,1.324,20.053,1.6,1.6
500,50,100,800,1.324,20.053,1.5,1.5
500,50,250,100,0.379,20.053,8.4,8.4
500,50,250,250,0.604,20.053,2.4,2.4
500,50,250,500,1.234,20.053,1.8,1.8
500,50,250,800,1.234,20.053,1.7,1.7
500,50,500,100,0.489,20.053,9.5,9.5
500,50,500,250,0.734,20.053,4.0,4.0
500,50,500,500,1.424,20.053,2.7,2.7
500,50,500,800,1.424,20.053,2.6,2.6
500,50,800,100,0.673,20.053,10.6,10.6
500,50,800,250,0.916,20.053,6.0,6.0
500,50,800,500,1.632,20.053,6.1,6.1
500,50,800,800,1.632,20.053,5.9,5.9
500,50,1250,100,0.877,20.053,15.8,15.8
500,50,1250,250,1.154,20.053,10.3,10.3
500,50,1250,500,1.903,20.053,10.7,10.7
500,50,1250,800,1.903,20.053,10.7,10.7
500,100,50,100,0.333,20.053,7.3,7.3
500,100,50,250,0.989,20.053,3.5,3.5
500,100,50,500,1.938,20.053,3.0,3.0
500,100,50,800,1.938,20.053,3.0,3.0
500,100,100,100,0.500,20.053,9.5,9.5
500,100,100,250,1.348,20.053,2.2,2.2
500,100,100,500,1.963,20.053,1.6,1.6
500,100,100,800,1.963,20.053,1.5,1.5
500,100,250,100,0.567,20.053,6.8,6.8
500,100,250,250,1.392,20.053,2.6,2.6
500,100,250,500,2.256,20.053,1.9,1.9
500,100,250,800,2.256,20.053,1.8,1.8
500,100,500,100,0.967,20.053,9.0,9.0
500,100,500,250,1.902,20.053,5.4,5.4
500,100,500,500,2.628,20.053,3.7,3.7
500,100,500,800,2.628,20.053,3.5,3.5
500,100,800,100,1.223,20.053,15.7,15.7
500,100,800,250,2.013,20.053,9.8,9.8
500,100,800,500,2.640,20.053,7.8,7.8
500,100,800,800,2.640,20.053,8.1,8.1
500,100,1250,100,1.681,20.053,23.0,23.0
500,100,1250,250,2.617,20.053,18.6,18.6
500,100,1250,500,3.136,20.053,16.7,16.7
500,100,1250,800,3.136,20.053,17.4,17.4
500,250,50,100,0.471,20.053,7.4,7.4
500,250,50,250,1.051,20.053,3.5,3.5
500,250,50,500,2.002,20.053,2.9,2.9
500,250,50,800,2.002,20.053,2.9,2.9
500,250,100,100,0.775,20.053,8.2,8.2
500,250,100,250,1.602,20.053,2.3,2.3
500,250,100,500,2.925,20.053,1.8,1.8
500,250,100,800,2.925,20.053,1.6,1.6
500,250,250,100,1.208,20.053,7.7,7.7
500,250,250,250,2.067,20.053,3.2,3.2
500,250,250,500,3.315,20.053,2.6,2.6
500,250,250,800,3.315,20.053,2.5,2.5
500,250,500,100,2.142,20.053,11.9,11.9
500,250,500,250,2.900,20.053,6.9,6.9
500,250,500,500,3.815,20.053,6.1,6.1
500,250,500,800,3.815,20.053,6.0,6.0
500,250,800,100,2.758,20.053,21.0,21.0
500,250,800,250,3.611,20.053,17.2,17.2
500,250,800,500,4.717,20.053,15.5,15.5
500,250,800,800,4.717,20.053,16.0,16.0
500,250,1250,100,4.029,20.053,40.7,40.7
500,250,1250,250,4.780,20.053,34.2,34.2
500,250,1250,500,5.809,20.053,40.0,40.0
500,250,1250,800,5.809,20.053,36.5,36.5
500,500,50,100,0.943,20.053,8.5,8.5
500,500,50,250,2.102,20.053,3.6,3.6
500,500,50,500,4.004,20.053,2.9,2.9
500,500,50,800,4.004,20.053,2.9,2.9
500,500,100,100,1.549,20.053,8.6,8.6
500,500,100,250,3.205,20.053,2.6,2.6
500,500,100,500,5.851,20.053,1.9,1.9
500,500,100,800,5.851,20.053,1.9,1.9
500,500,250,100,2.417,20.053,9.1,9.1
500,500,250,250,4.133,20.053,4.4,4.4
500,500,250,500,6.629,20.053,3.6,3.6
500,500,250,800,6.629,20.053,3.6,3.6
500,500,500,100,4.285,20.053,16.7,16.7
500,500,500,250,5.797,20.053,11.5,11.5
500,500,500,500,7.628,20.053,13.9,13.9
500,500,500,800,7.628,20.053,10.3,10.3
500,500,800,100,5.235,20.053,34.0,34.0
500,500,800,250,7.062,20.053,28.6,28.6
500,500,800,500,9.248,20.053,32.1,32.1
500,500,800,800,9.248,20.053,29.1,29.1
500,500,1250,100,7.825,20.053,79.0,79.0
500,500,1250,250,9.307,20.053,75.0,75.0
500,500,1250,500,10.700,20.053,80.0,80.0
500,500,1250,800,10.700,20.053,71.1,71.1
500,800,50,100,1.615,20.053,7.5,7.5
500,800,50,250,3.656,20.053,3.6,3.6
500,800,50,500,6.992,20.053,4.0,4.0
500,800,50,800,6.992,20.053,3.0,3.0
500,800,100,100,2.639,20.053,8.5,8.5
500,800,100,250,5.529,20.053,2.7,2.7
500,800,100,500,10.206,20.053,5.8,5.8
500,800,100,800,10.206,20.053,2.1,2.1
500,800,250,100,4.028,20.053,10.6,10.6
500,800,250,250,7.016,20.053,5.8,5.8
500,800,250,500,11.411,20.053,8.7,8.7
500,800,250,800,11.411,20.053,5.0,5.0
500,800,500,100,6.713,20.053,23.4,23.4
500,800,500,250,9.479,20.053,19.8,19.8
500,800,500,500,12.741,20.053,19.9,19.9
500,800,500,800,12.741,20.053,16.3,16.3
500,800,800,100,8.524,20.053,53.6,53.6
500,800,800,250,11.677,20.053,53.9,53.9
500,800,800,500,14.266,20.053,55.7,55.7
500,800,800,800,14.266,20.053,51.2,51.2
500,800,1250,100,12.512,20.053,127.9,127.9
500,800,1250,250,14.492,20.053,139.3,139.3
500,800,1250,500,14.729,20.053,136.9,136.9
500,800,1250,800,14.729,20.053,121.1,121.1
500,1250,50,100,2.356,20.053,7.8,7.8
500,1250,50,250,5.255,20.053,4.9,4.9
500,1250,50,500,9.953,20.053,5.7,5.7
500,1250,50,800,9.953,20.053,4.4,4.4
500,1250,100,100,3.872,20.053,8.5,8.5
500,1250,100,250,8.011,20.053,6.9,6.9
500,1250,100,500,10.906,20.053,8.0,8.0
500,1250,100,800,10.906,20.053,2.9,2.9
500,1250,250,100,6.041,20.053,12.3,12.3
500,1250,250,250,10.333,20.053,11.6,11.6
500,1250,250,500,13.035,20.053,12.5,12.5
500,1250,250,800,13.035,20.053,7.7,7.7
500,1250,500,100,10.262,20.053,35.0,35.0
500,1250,500,250,14.248,20.053,30.7,30.7
500,1250,500,500,17.317,20.053,30.8,30.8
500,1250,500,800,17.317,20.053,26.3,26.3
500,1250,800,100,13.079,20.053,80.3,80.3
500,1250,800,250,15.520,20.053,84.6,84.6
500,1250,800,500,16.373,20.053,84.9,84.9
500,1250,800,800,16.373,20.053,72.2,72.2
800,50,50,100,0.211,20.053,8.4,8.4
800,50,50,250,0.406,20.053,4.0,4.0
800,50,50,500,0.644,20.053,3.3,3.3
800,50,50,800,1.254,20.053,4.1,4.1
800,50,100,100,0.266,20.053,8.3,8.3
800,50,100,250,0.554,20.053,2.6,2.6
800,50,100,500,0.806,20.053,2.2,2.2
800,50,100,800,1.398,20.053,2.1,2.1
800,50,250,100,0.431,20.053,9.0,9.0
800,50,250,250,0.566,20.053,3.0,3.0
800,50,250,500,0.933,20.053,2.5,2.5
800,50,250,800,1.110,20.053,2.4,2.4
800,50,500,100,0.594,20.053,10.5,10.5
800,50,500,250,0.799,20.053,5.1,5.1
800,50,500,500,1.141,20.053,3.7,3.7
800,50,500,800,1.141,20.053,3.6,3.6
800,50,800,100,0.843,20.053,12.5,12.5
800,50,800,250,1.062,20.053,8.3,8.3
800,50,800,500,1.563,20.053,7.7,7.7
800,50,800,800,1.563,20.053,6.9,6.9
800,50,1250,100,1.272,20.053,19.8,19.8
800,50,1250,250,1.389,20.053,15.1,15.1
800,50,1250,500,1.715,20.053,15.2,15.2
800,50,1250,800,2.023,20.053,13.5,13.5
800,100,50,100,0.350,20.053,7.7,7.7
800,100,50,250,0.808,20.053,4.0,4.0
800,100,50,500,1.278,20.053,3.1,3.1
800,100,50,800,2.873,20.053,2.5,2.5
800,100,100,100,0.545,20.053,10.0,10.0
800,100,100,250,1.135,20.053,2.8,2.8
800,100,100,500,1.604,20.053,2.2,2.2
800,100,100,800,2.241,20.053,2.2,2.2
800,100,250,100,0.670,20.053,9.5,9.5
800,100,250,250,1.261,20.053,3.2,3.2
800,100,250,500,1.856,20.053,2.5,2.5
800,100,250,800,2.663,20.053,2.5,2.5
800,100,500,100,1.175,20.053,10.7,10.7
800,100,500,250,1.743,20.053,6.3,6.3
800,100,500,500,2.271,20.053,5.3,5.3
800,100,500,800,2.271,20.053,4.2,4.2
800,100,800,100,1.558,20.053,19.4,19.4
800,100,800,250,2.267,20.053,11.1,11.1
800,100,800,500,2.751,20.053,10.1,10.1
800,100,800,800,2.773,20.053,8.5,8.5
800,100,1250,100,2.291,20.053,31.4,31.4
800,100,1250,250,2.809,20.053,22.2,22.2
800,100,1250,500,3.845,20.053,18.9,18.9
800,100,1250,800,4.020,20.053,17.3,17.3
800,250,50,100,0.525,20.053,8.1,8.1
800,250,50,250,0.895,20.053,4.1,4.1
800,250,50,500,1.684,20.053,3.6,3.6
800,250,50,800,3.184,20.053,4.3,4.3
800,250,100,100,0.886,20.053,8.8,8.8
800,250,100,250,1.423,20.053,2.9,2.9
800,250,100,500,2.511,20.053,2.4,2.4
800,250,100,800,3.517,20.053,2.4,2.4
800,250,250,100,1.487,20.053,8.8,8.8
800,250,250,250,2.021,20.053,4.1,4.1
800,250,250,500,3.140,20.053,3.5,3.5
800,250,250,800,4.152,20.053,3.5,3.5
800,250,500,100,2.657,20.053,14.8,14.8
800,250,500,250,3.221,20.053,9.2,9.2
800,250,500,500,4.171,20.053,8.2,8.2
800,250,500,800,5.359,20.053,8.1,8.1
800,250,800,100,3.655,20.053,27.2,27.2
800,250,800,250,4.077,20.053,21.4,21.4
800,250,800,500,5.227,20.053,20.5,20.5
800,250,800,800,6.497,20.053,18.9,18.9
800,250,1250,100,5.713,20.053,55.5,55.5
800,250,1250,250,5.730,20.053,45.7,45.7
800,250,1250,500,7.011,20.053,51.1,51.1
800,250,1250,800,8.365,20.053,53.1,53.1
800,500,50,100,1.051,20.053,8.9,8.9
800,500,50,250,1.780,20.053,4.0,4.0
800,500,50,500,3.367,20.053,3.5,3.5
800,500,50,800,6.443,20.053,4.2,4.2
800,500,100,100,1.772,20.053,8.9,8.9
800,500,100,250,2.846,20.053,3.1,3.1
800,500,100,500,5.023,20.053,2.6,2.6
800,500,100,800,6.990,20.053,2.6,2.6
800,500,250,100,2.973,20.053,10.6,10.6
800,500,250,250,4.041,20.053,5.7,5.7
800,500,250,500,6.280,20.053,4.9,4.9
800,500,250,800,8.261,20.053,4.9,4.9
800,500,500,100,5.312,20.053,21.9,21.9
800,500,500,250,6.255,20.053,15.5,15.5
800,500,500,500,8.341,20.053,14.1,14.1
800,500,500,800,10.674,20.053,13.9,13.9
800,500,800,100,7.156,20.053,46.0,46.0
800,500,800,250,8.149,20.053,39.6,39.6
800,500,800,500,10.450,20.053,42.1,42.1
800,500,800,800,12.945,20.053,44.8,44.8
800,500,1250,100,11.185,20.053,103.8,103.8
800,500,1250,250,11.364,20.053,95.5,95.5
800,500,1250,500,13.049,20.053,106.5,106.5
800,500,1250,800,14.029,20.053,103.1,103.1
800,800,50,100,1.789,20.053,8.0,8.0
800,800,50,250,3.055,20.053,4.1,4.1
800,800,50,500,5.856,20.053,4.7,4.7
800,800,50,800,10.890,20.053,5.8,5.8
800,800,100,100,2.997,20.053,9.4,9.4
800,800,100,250,4.874,20.053,3.5,3.5
800,800,100,500,8.677,20.053,6.6,6.6
800,800,100,800,11.628,20.053,7.9,7.9
800,800,250,100,4.918,20.053,12.9,12.9
800,800,250,250,6.788,20.053,7.8,7.8
800,800,250,500,10.693,20.053,10.5,10.5
800,800,250,800,13.660,20.053,11.9,11.9
800,800,500,100,8.501,20.053,32.1,32.1
800,800,500,250,10.294,20.053,27.3,27.3
800,800,500,500,13.920,20.053,25.7,25.7
800,800,500,800,17.519,20.053,26.8,26.8
800,800,800,100,11.448,20.053,77.3,77.3
800,800,800,250,13.340,20.053,67.2,67.2
800,800,800,500,15.342,20.053,76.1,76.1
800,800,800,800,16.144,20.053,75.7,75.7
800,1250,50,100,2.627,20.053,8.6,8.6
800,1250,50,250,4.432,20.053,5.5,5.5
800,1250,50,500,8.418,20.053,5.0,5.0
800,1250,50,800,15.918,20.053,6.2,6.2
800,1250,100,100,4.431,20.053,9.5,9.5
800,1250,100,250,7.114,20.053,8.0,8.0
800,1250,100,500,12.552,20.053,7.5,7.5
800,1250,100,800,17.412,20.053,8.9,8.9
800,1250,250,100,7.432,20.053,16.0,16.0
800,1250,250,250,10.103,20.053,14.9,14.9
800,1250,250,500,10.717,20.053,18.1,18.1
800,1250,250,800,12.389,20.053,18.6,18.6
800,1250,500,100,13.057,20.053,49.7,49.7
800,1250,500,250,15.633,20.053,41.5,41.5
800,1250,500,500,17.691,20.053,45.2,45.2
800,1250,500,800,18.176,20.053,44.7,44.7
800,1250,800,100,17.885,20.053,111.3,111.3
1250,50,50,100,0.213,20.053,10.3,10.3
1250,50,50,250,0.417,20.053,4.1,4.1
1250,50,50,500,0.789,20.053,6.2,6.2
1250,50,50,800,0.789,20.053,2.5,2.5
1250,50,100,100,0.336,20.053,12.9,12.9
1250,50,100,250,0.707,20.053,3.1,3.1
1250,50,100,500,1.152,20.053,3.5,3.5
1250,50,100,800,1.152,20.053,3.2,3.2
1250,50,250,100,0.482,20.053,12.0,12.0
1250,50,250,250,0.743,20.053,3.5,3.5
1250,50,250,500,1.452,20.053,4.0,4.0
1250,50,250,800,1.452,20.053,3.7,3.7
1250,50,500,100,0.842,20.053,12.4,12.4
1250,50,500,250,1.036,20.053,5.0,5.0
1250,50,500,500,1.518,20.053,5.6,5.6
1250,50,500,800,1.586,20.053,5.5,5.5
1250,50,800,100,1.183,20.053,20.4,20.4
1250,50,800,250,1.362,20.053,10.0,10.0
1250,50,800,500,1.867,20.053,11.9,11.9
1250,50,800,800,1.893,20.053,10.4,10.4
1250,50,1250,100,1.779,20.053,32.0,32.0
1250,50,1250,250,1.909,20.053,19.5,19.5
1250,50,1250,500,2.575,20.053,21.2,21.2
1250,50,1250,800,2.575,20.053,20.1,20.1
1250,100,50,100,0.371,20.053,12.3,12.3
1250,100,50,250,1.018,20.053,4.3,4.3
1250,100,50,500,1.569,20.053,6.7,6.7
1250,100,50,800,1.569,20.053,2.4,2.4
1250,100,100,100,0.615,20.053,12.5,12.5
1250,100,100,250,1.457,20.053,3.2,3.2
1250,100,100,500,1.733,20.053,3.6,3.6
1250,100,100,800,1.733,20.053,3.3,3.3
1250,100,250,100,0.899,20.053,13.2,13.2
1250,100,250,250,1.671,20.053,4.1,4.1
1250,100,250,500,2.338,20.053,4.3,4.3
1250,100,250,800,2.338,20.053,3.9,3.9
1250,100,500,100,1.574,20.053,17.3,17.3
1250,100,500,250,2.507,20.053,8.3,8.3
1250,100,500,500,2.843,20.053,7.8,7.8
1250,100,500,800,2.843,20.053,7.0,7.0
1250,100,800,100,2.361,20.053,25.8,25.8
1250,100,800,250,2.905,20.053,19.2,19.2
1250,100,800,500,3.784,20.053,17.7,17.7
1250,100,800,800,3.784,20.053,14.4,14.4
1250,100,1250,100,3.548,20.053,43.6,43.6
1250,100,1250,250,4.128,20.053,38.7,38.7
1250,100,1250,500,4.365,20.053,34.2,34.2
1250,100,1250,800,4.625,20.053,28.8,28.8
1250,250,50,100,0.594,20.053,10.8,10.8
1250,250,50,250,1.163,20.053,4.4,4.4
1250,250,50,500,1.793,20.053,6.2,6.2
1250,250,50,800,1.818,20.053,2.6,2.6
1250,250,100,100,1.038,20.053,11.6,11.6
1250,250,100,250,1.874,20.053,3.4,3.4
1250,250,100,500,2.776,20.053,3.8,3.8
1250,250,100,800,2.776,20.053,3.6,3.6
1250,250,250,100,1.890,20.053,12.3,12.3
1250,250,250,250,2.764,20.053,5.3,5.3
1250,250,250,500,3.686,20.053,5.6,5.6
1250,250,250,800,3.686,20.053,5.3,5.3
1250,250,500,100,3.566,20.053,20.7,20.7
1250,250,500,250,4.410,20.053,12.9,12.9
1250,250,500,500,5.182,20.053,12.6,12.6
1250,250,500,800,5.523,20.053,12.3,12.3
1250,250,800,100,5.666,20.053,39.7,39.7
1250,250,800,250,5.842,20.053,29.5,29.5
1250,250,800,500,6.777,20.053,29.8,29.8
1250,250,800,800,6.973,20.053,28.0,28.0
1250,250,1250,100,8.857,20.053,81.0,81.0
1250,250,1250,250,8.857,20.053,72.7,72.7
1250,250,1250,500,9.334,20.053,76.9,76.9
1250,250,1250,800,9.659,20.053,75.7,75.7
1250,500,50,100,1.191,20.053,10.8,10.8
1250,500,50,250,2.312,20.053,4.4,4.4
1250,500,50,500,3.585,20.053,6.2,6.2
1250,500,50,800,3.641,20.053,2.7,2.7
1250,500,100,100,2.075,20.053,12.0,12.0
1250,500,100,250,3.748,20.053,3.8,3.8
1250,500,100,500,5.568,20.053,4.2,4.2
1250,500,100,800,5.568,20.053,3.9,3.9
1250,500,250,100,3.779,20.053,14.9,14.9
1250,500,250,250,5.528,20.053,7.7,7.7
1250,500,250,500,7.371,20.053,7.8,7.8
1250,500,250,800,7.371,20.053,7.5,7.5
1250,500,500,100,7.080,20.053,31.1,31.1
1250,500,500,250,8.586,20.053,22.8,22.8
1250,500,500,500,10.363,20.053,28.7,28.7
1250,500,500,800,10.826,20.053,27.6,27.6
1250,500,800,100,11.180,20.053,65.5,65.5
1250,500,800,250,11.551,20.053,58.0,58.0
1250,500,800,500,13.549,20.053,61.5,61.5
1250,500,800,800,13.668,20.053,60.3,60.3
1250,500,1250,100,17.471,20.053,154.6,154.6
1250,500,1250,500,17.474,20.053,147.0,147.0
1250,800,50,100,2.005,20.053,10.9,10.9
1250,800,50,250,3.957,20.053,4.5,4.5
1250,800,50,500,6.225,20.053,8.3,8.3
1250,800,50,800,6.307,20.053,6.8,6.8
1250,800,100,100,3.446,20.053,12.5,12.5
1250,800,100,250,6.399,20.053,4.4,4.4
1250,800,100,500,9.580,20.053,11.6,11.6
1250,800,100,800,9.580,20.053,10.7,10.7
1250,800,250,100,6.130,20.053,18.3,18.3
1250,800,250,250,9.247,20.053,14.4,14.4
1250,800,250,500,12.465,20.053,17.8,17.8
1250,800,250,800,12.465,20.053,16.8,16.8
1250,800,500,100,11.177,20.053,48.0,48.0
1250,800,500,250,13.968,20.053,39.0,39.0
1250,800,500,500,17.179,20.053,41.2,41.2
1250,800,500,800,17.501,20.053,40.0,40.0
1250,800,800,100,17.885,20.053,108.6,108.6
1250,800,800,250,18.383,20.053,98.3,98.3
1250,800,800,500,18.686,20.053,110.3,110.3
1250,1250,50,100,2.978,20.053,11.5,11.5
1250,1250,50,250,5.764,20.053,6.0,6.0
1250,1250,50,500,8.963,20.053,9.0,9.0
1250,1250,50,800,8.963,20.053,7.4,7.4
1250,1250,100,100,5.187,20.053,12.2,12.2
1250,1250,100,250,9.370,20.053,9.1,9.1
1250,1250,100,500,9.370,20.053,19.1,19.1
1250,1250,100,800,9.370,20.053,12.2,12.2
1250,1250,250,100,9.334,20.053,22.2,22.2
1250,1250,250,250,13.818,20.053,19.8,19.8
1250,1250,250,500,13.939,20.053,29.5,29.5
1250,1250,250,800,14.516,20.053,22.2,22.2
1250,1250,500,100,17.464,20.053,71.8,71.8
50,50,50,100,0.078,40.106,7.3,7.3
50,50,50,250,0.078,40.106,2.8,2.8
50,50,50,500,0.078,40.106,2.9,2.9
50,50,50,800,0.078,40.106,2.9,2.9
50,50,100,100,0.134,40.106,9.3,9.3
50,50,100,250,0.134,40.106,2.8,2.8
50,50,100,500,0.134,40.106,2.8,2.8
50,50,100,800,0.134,40.106,2.6,2.6
50,50,250,100,0.117,40.106,8.0,8.0
50,50,250,250,0.117,40.106,2.0,2.0
50,50,250,500,0.117,40.106,2.0,2.0
50,50,250,800,0.117,40.106,1.9,1.9
50,50,500,100,0.194,40.106,8.4,8.4
50,50,500,250,0.194,40.106,3.1,3.1
50,50,500,500,0.194,40.106,3.1,3.1
50,50,500,800,0.194,40.106,3.1,3.1
50,50,800,100,0.176,40.106,11.3,11.3
50,50,800,250,0.176,40.106,4.9,4.9
50,50,800,500,0.176,40.106,4.9,4.9
50,50,800,800,0.176,40.106,5.1,5.1
50,50,1250,100,0.341,40.106,14.6,14.6
50,50,1250,250,0.341,40.106,8.3,8.3
50,50,1250,500,0.341,40.106,8.4,8.4
50,50,1250,800,0.341,40.106,8.0,8.0
50,100,50,100,0.157,40.106,7.0,7.0
50,100,50,250,0.157,40.106,2.7,2.7
50,100,50,500,0.157,40.106,2.8,2.8
50,100,50,800,0.157,40.106,2.8,2.8
50,100,100,100,0.232,40.106,10.0,10.0
50,100,100,250,0.232,40.106,3.9,3.9
50,100,100,500,0.232,40.106,3.9,3.9
50,100,100,800,0.232,40.106,3.8,3.8
50,100,250,100,0.254,40.106,8.4,8.4
50,100,250,250,0.254,40.106,3.7,3.7
50,100,250,500,0.254,40.106,3.7,3.7
50,100,250,800,0.254,40.106,3.6,3.6
50,100,500,100,0.386,40.106,8.6,8.6
50,100,500,250,0.386,40.106,3.7,3.7
50,100,500,500,0.386,40.106,3.7,3.7
50,100,500,800,0.386,40.106,3.6,3.6
50,100,800,100,0.353,40.106,11.8,11.8
50,100,800,250,0.353,40.106,6.4,6.4
50,100,800,500,0.353,40.106,6.4,6.4
50,100,800,800,0.353,40.106,6.4,6.4
50,100,1250,100,0.668,40.106,16.8,16.8
50,100,1250,250,0.668,40.106,13.5,13.5
50,100,1250,500,0.668,40.106,11.5,11.5
50,100,1250,800,0.668,40.106,11.9,11.9
50,250,50,100,0.202,40.106,7.7,7.7
50,250,50,250,0.202,40.106,2.2,2.2
50,250,50,500,0.202,40.106,2.3,2.3
50,250,50,800,0.202,40.106,2.3,2.3
50,250,100,100,0.308,40.106,9.3,9.3
50,250,100,250,0.308,40.106,2.1,2.1
50,250,100,500,0.308,40.106,2.1,2.1
50,250,100,800,0.308,40.106,2.1,2.1
50,250,250,100,0.394,40.106,8.2,8.2
50,250,250,250,0.394,40.106,2.4,2.4
50,250,250,500,0.394,40.106,2.4,2.4
50,250,250,800,0.394,40.106,2.3,2.3
50,250,500,100,0.960,40.106,9.6,9.6
50,250,500,250,0.960,40.106,4.0,4.0
50,250,500,500,0.960,40.106,3.9,3.9
50,250,500,800,0.960,40.106,3.9,3.9
50,250,800,100,0.767,40.106,15.9,15.9
50,250,800,250,0.767,40.106,9.8,9.8
50,250,800,500,0.767,40.106,9.8,9.8
50,250,800,800,0.767,40.106,9.9,9.9
50,250,1250,100,1.649,40.106,25.1,25.1
50,250,1250,250,1.649,40.106,20.7,20.7
50,250,1250,500,1.649,40.106,19.6,19.6
50,250,1250,800,1.649,40.106,20.6,20.6
50,500,50,100,0.405,40.106,7.6,7.6
50,500,50,250,0.405,40.106,3.1,3.1
50,500,50,500,0.405,40.106,3.2,3.2
50,500,50,800,0.405,40.106,3.2,3.2
50,500,100,100,0.616,40.106,10.1,10.1
50,500,100,250,0.616,40.106,4.9,4.9
50,500,100,500,0.616,40.106,5.0,5.0
50,500,100,800,0.616,40.106,5.0,5.0
50,500,250,100,0.788,40.106,9.2,9.2
50,500,250,250,0.788,40.106,5.6,5.6
50,500,250,500,0.788,40.106,4.7,4.7
50,500,250,800,0.788,40.106,2.7,2.7
50,500,500,100,1.917,40.106,11.9,11.9
50,500,500,250,1.917,40.106,6.7,6.7
50,500,500,500,1.917,40.106,5.7,5.7
50,500,500,800,1.917,40.106,5.7,5.7
50,500,800,100,1.526,40.106,22.7,22.7
50,500,800,250,1.526,40.106,17.9,17.9
50,500,800,500,1.526,40.106,16.8,16.8
50,500,800,800,1.526,40.106,16.7,16.7
50,500,1250,100,3.285,40.106,45.0,45.0
50,500,1250,250,3.285,40.106,44.7,44.7
50,500,1250,500,3.285,40.106,37.7,37.7
50,500,1250,800,3.285,40.106,37.3,37.3
50,800,50,100,0.706,40.106,7.5,7.5
50,800,50,250,0.706,40.106,3.1,3.1
50,800,50,500,0.706,40.106,3.2,3.2
50,800,50,800,0.706,40.106,3.2,3.2
50,800,100,100,1.069,40.106,10.1,10.1
50,800,100,250,1.069,40.106,5.0,5.0
50,800,100,500,1.069,40.106,5.0,5.0
50,800,100,800,1.069,40.106,5.0,5.0
50,800,250,100,1.341,40.106,9.7,9.7
50,800,250,250,1.341,40.106,6.2,6.2
50,800,250,500,1.341,40.106,3.3,3.3
50,800,250,800,1.341,40.106,3.2,3.2
50,800,500,100,3.065,40.106,14.0,14.0
50,800,500,250,3.065,40.106,8.8,8.8
50,800,500,500,3.065,40.106,8.0,8.0
50,800,500,800,3.065,40.106,7.8,7.8
50,800,800,100,2.466,40.106,32.5,32.5
50,800,800,250,2.466,40.106,33.0,33.0
50,800,800,500,2.466,40.106,34.6,34.6
50,800,800,800,2.466,40.106,34.4,34.4
50,800,1250,100,5.248,40.106,68.0,68.0
50,800,1250,250,5.248,40.106,75.2,75.2
50,800,1250,500,5.248,40.106,67.4,67.4
50,800,1250,800,5.248,40.106,65.9,65.9
50,1250,50,100,1.012,40.106,7.8,7.8
50,1250,50,250,1.012,40.106,3.2,3.2
50,1250,50,500,1.012,40.106,3.3,3.3
50,1250,50,800,1.012,40.106,3.3,3.3
50,1250,100,100,1.539,40.106,9.7,9.7
50,1250,100,250,1.539,40.106,1.5,1.5
50,1250,100,500,1.539,40.106,1.5,1.5
50,1250,100,800,1.539,40.106,1.4,1.4
50,1250,250,100,1.970,40.106,9.6,9.6
50,1250,250,250,1.970,40.106,4.3,4.3
50,1250,250,500,1.970,40.106,4.3,4.3
50,1250,250,800,1.970,40.106,4.2,4.2
50,1250,500,100,4.787,40.106,16.4,16.4
50,1250,500,250,4.787,40.106,11.6,11.6
50,1250,500,500,4.787,40.106,10.4,10.4
50,1250,500,800,4.787,40.106,10.3,10.3
50,1250,800,100,3.803,40.106,41.8,41.8
50,1250,800,250,3.803,40.106,42.3,42.3
50,1250,800,500,3.803,40.106,38.5,38.5
50,1250,800,800,3.803,40.106,40.2,40.2
50,1250,1250,100,8.192,40.106,92.9,92.9
50,1250,1250,250,8.192,40.106,96.1,96.1
50,1250,1250,500,8.192,40.106,95.4,95.4
50,1250,1250,800,8.192,40.106,95.2,95.2
100,50,50,100,0.196,40.106,7.3,7.3
100,50,50,250,0.196,40.106,3.1,3.1
100,50,50,500,0.196,40.106,3.0,3.0
100,50,50,800,0.196,40.106,3.0,3.0
100,50,100,100,0.234,40.106,9.5,9.5
100,50,100,250,0.234,40.106,2.2,2.2
100,50,100,500,0.234,40.106,1.9,1.9
100,50,100,800,0.234,40.106,1.9,1.9
100,50,250,100,0.286,40.106,8.5,8.5
100,50,250,250,0.286,40.106,4.0,4.0
100,50,250,500,0.286,40.106,3.7,3.7
100,50,250,800,0.286,40.106,3.6,3.6
100,50,500,100,0.284,40.106,9.3,9.3
100,50,500,250,0.284,40.106,4.5,4.5
100,50,500,500,0.284,40.106,4.3,4.3
100,50,500,800,0.284,40.106,4.2,4.2
100,50,800,100,0.337,40.106,11.5,11.5
100,50,800,250,0.337,40.106,4.5,4.5
100,50,800,500,0.337,40.106,4.3,4.3
100,50,800,800,0.337,40.106,4.1,4.1
100,50,1250,100,0.412,40.106,14.6,14.6
100,50,1250,250,0.467,40.106,7.2,7.2
100,50,1250,500,0.467,40.106,7.4,7.4
100,50,1250,800,0.467,40.106,6.9,6.9
100,100,50,100,0.313,40.106,7.6,7.6
100,100,50,250,0.313,40.106,2.3,2.3
100,100,50,500,0.313,40.106,2.2,2.2
100,100,50,800,0.313,40.106,2.2,2.2
100,100,100,100,0.422,40.106,10.1,10.1
100,100,100,250,0.422,40.106,3.8,3.8
100,100,100,500,0.422,40.106,3.7,3.7
100,100,100,800,0.422,40.106,3.6,3.6
100,100,250,100,0.412,40.106,8.9,8.9
100,100,250,250,0.412,40.106,4.2,4.2
100,100,250,500,0.412,40.106,4.0,4.0
100,100,250,800,0.412,40.106,4.0,4.0
100,100,500,100,0.507,40.106,9.4,9.4
100,100,500,250,0.507,40.106,3.1,3.1
100,100,500,500,0.507,40.106,2.9,2.9
100,100,500,800,0.507,40.106,2.8,2.8
100,100,800,100,0.551,40.106,12.8,12.8
100,100,800,250,0.597,40.106,6.9,6.9
100,100,800,500,0.597,40.106,6.8,6.8
100,100,800,800,0.597,40.106,6.7,6.7
100,100,1250,100,0.747,40.106,19.1,19.1
100,100,1250,250,0.934,40.106,11.7,11.7
100,100,1250,500,0.934,40.106,12.5,12.5
100,100,1250,800,0.934,40.106,12.1,12.1
100,250,50,100,0.405,40.106,7.8,7.8
100,250,50,250,0.405,40.106,2.3,2.3
100,250,50,500,0.405,40.106,2.2,2.2
100,250,50,800,0.405,40.106,2.2,2.2
100,250,100,100,0.599,40.106,9.5,9.5
100,250,100,250,0.599,40.106,2.3,2.3
100,250,100,500,0.599,40.106,2.1,2.1
100,250,100,800,0.599,40.106,2.0,2.0
100,250,250,100,0.699,40.106,8.4,8.4
100,250,250,250,0.699,40.106,2.7,2.7
100,250,250,500,0.699,40.106,2.4,2.4
100,250,250,800,0.699,40.106,2.4,2.4
100,250,500,100,1.006,40.106,10.4,10.4
100,250,500,250,1.006,40.106,4.5,4.5
100,250,500,500,1.006,40.106,4.2,4.2
100,250,500,800,1.006,40.106,4.1,4.1
100,250,800,100,1.204,40.106,16.2,16.2
100,250,800,250,1.494,40.106,10.2,10.2
100,250,800,500,1.494,40.106,10.3,10.3
100,250,800,800,1.494,40.106,10.6,10.6
100,250,1250,100,1.868,40.106,27.0,27.0
100,250,1250,250,2.334,40.106,21.5,21.5
100,250,1250,500,2.334,40.106,21.1,21.1
100,250,1250,800,2.334,40.106,23.3,23.3
100,500,50,100,0.809,40.106,7.7,7.7
100,500,50,250,0.809,40.106,3.3,3.3
100,500,50,500,0.809,40.106,3.3,3.3
100,500,50,800,0.809,40.106,2.3,2.3
100,500,100,100,1.197,40.106,9.3,9.3
100,500,100,250,1.197,40.106,2.4,2.4
100,500,100,500,1.197,40.106,2.1,2.1
100,500,100,800,1.197,40.106,2.0,2.0
100,500,250,100,1.398,40.106,8.7,8.7
100,500,250,250,1.398,40.106,3.2,3.2
100,500,250,500,1.398,40.106,2.9,2.9
100,500,250,800,1.398,40.106,2.8,2.8
100,500,500,100,2.010,40.106,11.7,11.7
100,500,500,250,2.010,40.106,6.4,6.4
100,500,500,500,2.010,40.106,6.3,6.3
100,500,500,800,2.010,40.106,6.2,6.2
100,500,800,100,2.403,40.106,22.9,22.9
100,500,800,250,2.987,40.106,17.6,17.6
100,500,800,500,2.987,40.106,19.1,19.1
100,500,800,800,2.987,40.106,18.3,18.3
100,500,1250,100,3.736,40.106,48.2,48.2
100,500,1250,250,4.668,40.106,44.4,44.4
100,500,1250,500,4.668,40.106,41.5,41.5
100,500,1250,800,4.668,40.106,40.4,40.4
100,800,50,100,1.412,40.106,7.6,7.6
100,800,50,250,1.412,40.106,3.3,3.3
100,800,50,500,1.412,40.106,3.3,3.3
100,800,50,800,1.412,40.106,2.3,2.3
100,800,100,100,2.085,40.106,9.5,9.5
100,800,100,250,2.085,40.106,2.4,2.4
100,800,100,500,2.085,40.106,2.2,2.2
100,800,100,800,2.085,40.106,2.1,2.1
100,800,250,100,2.397,40.106,9.2,9.2
100,800,250,250,2.397,40.106,3.8,3.8
100,800,250,500,2.397,40.106,3.5,3.5
100,800,250,800,2.397,40.106,3.5,3.5
100,800,500,100,3.299,40.106,14.1,14.1
100,800,500,250,3.299,40.106,9.1,9.1
100,800,500,500,3.299,40.106,8.9,8.9
100,800,500,800,3.299,40.106,8.8,8.8
100,800,800,100,3.994,40.106,35.4,35.4
100,800,800,250,4.780,40.106,35.8,35.8
100,800,800,500,4.780,40.106,36.0,36.0
100,800,800,800,4.780,40.106,35.0,35.0
100,800,1250,100,5.978,40.106,78.1,78.1
100,800,1250,250,7.468,40.106,86.1,86.1
100,800,1250,500,7.468,40.106,72.7,72.7
100,800,1250,800,7.468,40.106,75.2,75.2
100,1250,50,100,2.023,40.106,8.0,8.0
100,1250,50,250,2.023,40.106,2.5,2.5
100,1250,50,500,2.023,40.106,2.4,2.4
100,1250,50,800,2.023,40.106,2.4,2.4
100,1250,100,100,2.993,40.106,10.3,10.3
100,1250,100,250,2.993,40.106,1.8,1.8
100,1250,100,500,2.993,40.106,1.5,1.5
100,1250,100,800,2.993,40.106,1.5,1.5
100,1250,250,100,3.493,40.106,10.4,10.4
100,1250,250,250,3.493,40.106,4.9,4.9
100,1250,250,500,3.493,40.106,3.7,3.7
100,1250,250,800,3.493,40.106,3.6,3.6
100,1250,500,100,5.020,40.106,18.3,18.3
100,1250,500,250,5.020,40.106,12.4,12.4
100,1250,500,500,5.020,40.106,12.1,12.1
100,1250,500,800,5.020,40.106,12.1,12.1
100,1250,800,100,6.001,40.106,45.7,45.7
100,1250,800,250,7.468,40.106,42.6,42.6
100,1250,800,500,7.468,40.106,41.1,41.1
100,1250,800,800,7.468,40.106,41.7,41.7
100,1250,1250,100,9.340,40.106,111.6,111.6
100,1250,1250,250,11.669,40.106,104.5,104.5
100,1250,1250,500,11.669,40.106,105.1,105.1
100,1250,1250,800,11.669,40.106,107.3,107.3
250,50,50,100,0.136,40.106,10.5,10.5
250,50,50,250,0.392,40.106,4.1,4.1
250,50,50,500,0.392,40.106,2.5,2.5
250,50,50,800,0.392,40.106,2.4,2.4
250,50,100,100,0.233,40.106,14.3,14.3
250,50,100,250,0.627,40.106,5.7,5.7
250,50,100,500,0.627,40.106,1.2,1.2
250,50,100,800,0.627,40.106,1.3,1.3
250,50,250,100,0.283,40.106,12.9,12.9
250,50,250,250,0.536,40.106,5.4,5.4
250,50,250,500,0.536,40.106,1.3,1.3
250,50,250,800,0.536,40.106,1.4,1.4
250,50,500,100,0.350,40.106,14.2,14.2
250,50,500,250,0.584,40.106,5.6,5.6
250,50,500,500,0.584,40.106,2.9,2.9
250,50,500,800,0.584,40.106,2.7,2.7
250,50,800,100,0.439,40.106,19.3,19.3
250,50,800,250,0.728,40.106,9.9,9.9
250,50,800,500,0.728,40.106,4.0,4.0
250,50,800,800,0.728,40.106,4.3,4.3
250,50,1250,100,0.550,40.106,26.7,26.7
250,50,1250,250,0.870,40.106,13.7,13.7
250,50,1250,500,0.870,40.106,9.7,9.7
250,50,1250,800,0.870,40.106,9.4,9.4
250,100,50,100,0.318,40.106,11.8,11.8
250,100,50,250,0.970,40.106,4.7,4.7
250,100,50,500,0.970,40.106,2.7,2.7
250,100,50,800,0.970,40.106,2.6,2.6
250,100,100,100,0.417,40.106,14.0,14.0
250,100,100,250,1.297,40.106,6.0,6.0
250,100,100,500,1.297,40.106,1.2,1.2
250,100,100,800,1.297,40.106,1.3,1.3
250,100,250,100,0.628,40.106,13.5,13.5
250,100,250,250,1.256,40.106,5.6,5.6
250,100,250,500,1.256,40.106,1.4,1.4
250,100,250,800,1.256,40.106,1.6,1.6
250,100,500,100,0.627,40.106,14.3,14.3
250,100,500,250,1.602,40.106,6.7,6.7
250,100,500,500,1.602,40.106,3.7,3.7
250,100,500,800,1.602,40.106,3.6,3.6
250,100,800,100,0.924,40.106,21.3,21.3
250,100,800,250,1.575,40.106,12.4,12.4
250,100,800,500,1.575,40.106,6.5,6.5
250,100,800,800,1.575,40.106,6.8,6.8
250,100,1250,100,1.087,40.106,30.7,30.7
250,100,1250,250,2.049,40.106,20.8,20.8
250,100,1250,500,2.049,40.106,14.7,14.7
250,100,1250,800,2.049,40.106,13.4,13.4
250,250,50,100,0.362,40.106,11.9,11.9
250,250,50,250,1.002,40.106,4.3,4.3
250,250,50,500,1.002,40.106,2.7,2.7
250,250,50,800,1.002,40.106,2.7,2.7
250,250,100,100,0.573,40.106,14.4,14.4
250,250,100,250,1.475,40.106,5.5,5.5
250,250,100,500,1.475,40.106,1.3,1.3
250,250,100,800,1.475,40.106,1.4,1.4
250,250,250,100,0.861,40.106,13.5,13.5
250,250,250,250,1.725,40.106,6.0,6.0
250,250,250,500,1.725,40.106,1.9,1.9
250,250,250,800,1.725,40.106,2.1,2.1
250,250,500,100,1.319,40.106,16.6,16.6
250,250,500,250,2.150,40.106,8.3,8.3
250,250,500,500,2.150,40.106,4.5,4.5
250,250,500,800,2.150,40.106,4.4,4.4
250,250,800,100,1.834,40.106,27.8,27.8
250,250,800,250,2.671,40.106,17.1,17.1
250,250,800,500,2.671,40.106,11.3,11.3
250,250,800,800,2.671,40.106,12.6,12.6
250,250,1250,100,2.748,40.106,43.2,43.2
250,250,1250,250,3.435,40.106,33.6,33.6
250,250,1250,500,3.435,40.106,28.4,28.4
250,250,1250,800,3.435,40.106,29.2,29.2
250,500,50,100,0.725,40.106,11.3,11.3
250,500,50,250,2.004,40.106,4.2,4.2
250,500,50,500,2.004,40.106,3.6,3.6
250,500,50,800,2.004,40.106,2.5,2.5
250,500,100,100,1.146,40.106,14.1,14.1
250,500,100,250,2.949,40.106,5.4,5.4
250,500,100,500,2.949,40.106,1.4,1.4
250,500,100,800,2.949,40.106,1.5,1.5
250,500,250,100,1.722,40.106,14.0,14.0
250,500,250,250,3.449,40.106,6.6,6.6
250,500,250,500,3.449,40.106,2.5,2.5
250,500,250,800,3.449,40.106,2.7,2.7
250,500,500,100,2.639,40.106,19.1,19.1
250,500,500,250,4.297,40.106,11.1,11.1
250,500,500,500,4.297,40.106,7.3,7.3
250,500,500,800,4.297,40.106,7.4,7.4
250,500,800,100,3.549,40.106,34.9,34.9
250,500,800,250,5.156,40.106,27.0,27.0
250,500,800,500,5.156,40.106,21.2,21.2
250,500,800,800,5.156,40.106,23.3,23.3
250,500,1250,100,5.380,40.106,68.9,68.9
250,500,1250,250,6.870,40.106,59.7,59.7
250,500,1250,500,6.870,40.106,50.7,50.7
250,500,1250,800,6.870,40.106,50.4,50.4
250,800,50,100,1.258,40.106,11.4,11.4
250,800,50,250,3.500,40.106,4.2,4.2
250,800,50,500,3.500,40.106,3.7,3.7
250,800,50,800,3.500,40.106,2.6,2.6
250,800,100,100,1.976,40.106,14.2,14.2
250,800,100,250,5.130,40.106,5.6,5.6
250,800,100,500,5.130,40.106,1.5,1.5
250,800,100,800,5.130,40.106,1.7,1.7
250,800,250,100,2.934,40.106,14.9,14.9
250,800,250,250,5.921,40.106,7.5,7.5
250,800,250,500,5.921,40.106,3.4,3.4
250,800,250,800,5.921,40.106,3.6,3.6
250,800,500,100,4.335,40.106,23.4,23.4
250,800,500,250,7.052,40.106,14.9,14.9
250,800,500,500,7.052,40.106,11.3,11.3
250,800,500,800,7.052,40.106,11.1,11.1
250,800,800,100,5.804,40.106,50.7,50.7
250,800,800,250,8.626,40.106,42.2,42.2
250,800,800,500,8.626,40.106,38.0,38.0
250,800,800,800,8.626,40.106,36.5,36.5
250,800,1250,100,8.601,40.106,115.9,115.9
250,800,1250,250,10.992,40.106,98.5,98.5
250,800,1250,500,10.992,40.106,97.0,97.0
250,800,1250,800,10.992,40.106,100.2,100.2
250,1250,50,100,1.812,40.106,11.8,11.8
250,1250,50,250,5.011,40.106,4.4,4.4
250,1250,50,500,5.011,40.106,2.9,2.9
250,1250,50,800,5.011,40.106,2.8,2.8
250,1250,100,100,2.866,40.106,15.4,15.4
250,1250,100,250,7.372,40.106,6.4,6.4
250,1250,100,500,7.372,40.106,1.8,1.8
250,1250,100,800,7.372,40.106,2.0,2.0
250,1250,250,100,4.376,40.106,17.0,17.0
250,1250,250,250,8.479,40.106,9.0,9.0
250,1250,250,500,8.479,40.106,4.9,4.9
250,1250,250,800,8.479,40.106,5.1,5.1
250,1250,500,100,6.599,40.106,30.4,30.4
250,1250,500,250,10.455,40.106,21.3,21.3
250,1250,500,500,10.455,40.106,17.4,17.4
250,1250,500,800,10.455,40.106,17.2,17.2
250,1250,800,100,8.703,40.106,67.8,67.8
250,1250,800,250,12.883,40.106,60.8,60.8
250,1250,800,500,12.883,40.106,53.4,53.4
250,1250,800,800,12.883,40.106,51.6,51.6
250,1250,1250,100,13.431,40.106,145.0,145.0
250,1250,1250,250,17.175,40.106,138.1,138.1
250,1250,1250,500,17.175,40.106,140.9,140.9
250,1250,1250,800,17.175,40.106,130.5,130.5
500,50,50,100,0.206,40.106,8.0,8.0
500,50,50,250,0.402,40.106,4.3,4.3
500,50,50,500,0.975,40.106,4.3,4.3
500,50,50,800,0.975,40.106,3.0,3.0
500,50,100,100,0.254,40.106,10.2,10.2
500,50,100,250,0.653,40.106,5.8,5.8
500,50,100,500,1.324,40.106,5.7,5.7
500,50,100,800,1.324,40.106,1.5,1.5
500,50,250,100,0.379,40.106,9.4,9.4
500,50,250,250,0.604,40.106,5.8,5.8
500,50,250,500,1.234,40.106,5.6,5.6
500,50,250,800,1.234,40.106,1.8,1.8
500,50,500,100,0.489,40.106,10.6,10.6
500,50,500,250,0.734,40.106,6.1,6.1
500,50,500,500,1.424,40.106,6.6,6.6
500,50,500,800,1.424,40.106,2.7,2.7
500,50,800,100,0.673,40.106,14.1,14.1
500,50,800,250,0.916,40.106,10.7,10.7
500,50,800,500,1.632,40.106,11.6,11.6
500,50,800,800,1.632,40.106,6.1,6.1
500,50,1250,100,0.877,40.106,19.8,19.8
500,50,1250,250,1.154,40.106,16.1,16.1
500,50,1250,500,1.903,40.106,18.0,18.0
500,50,1250,800,1.903,40.106,11.8,11.8
500,100,50,100,0.333,40.106,8.5,8.5
500,100,50,250,0.989,40.106,5.0,5.0
500,100,50,500,1.938,40.106,4.4,4.4
500,100,50,800,1.938,40.106,3.1,3.1
500,100,100,100,0.500,40.106,11.2,11.2
500,100,100,250,1.348,40.106,6.6,6.6
500,100,100,500,1.963,40.106,5.3,5.3
500,100,100,800,1.963,40.106,1.6,1.6
500,100,250,100,0.567,40.106,10.1,10.1
500,100,250,250,1.392,40.106,6.2,6.2
500,100,250,500,2.256,40.106,5.7,5.7
500,100,250,800,2.256,40.106,1.9,1.9
500,100,500,100,0.967,40.106,11.5,11.5
500,100,500,250,1.902,40.106,8.0,8.0
500,100,500,500,2.628,40.106,7.7,7.7
500,100,500,800,2.628,40.106,3.7,3.7
500,100,800,100,1.223,40.106,18.4,18.4
500,100,800,250,2.013,40.106,15.0,15.0
500,100,800,500,2.640,40.106,13.3,13.3
500,100,800,800,2.640,40.106,8.6,8.6
500,100,1250,100,1.681,40.106,28.9,28.9
500,100,1250,250,2.617,40.106,26.9,26.9
500,100,1250,500,3.136,40.106,23.7,23.7
500,100,1250,800,3.136,40.106,18.0,18.0
500,250,50,100,0.471,40.106,8.9,8.9
500,250,50,250,1.051,40.106,4.8,4.8
500,250,50,500,2.002,40.106,4.1,4.1
500,250,50,800,2.002,40.106,3.0,3.0
500,250,100,100,0.775,40.106,10.8,10.8
500,250,100,250,1.602,40.106,6.1,6.1
500,250,100,500,2.925,40.106,5.6,5.6
500,250,100,800,2.925,40.106,1.7,1.7
500,250,250,100,1.208,40.106,10.0,10.0
500,250,250,250,2.067,40.106,6.7,6.7
500,250,250,500,3.315,40.106,6.3,6.3
500,250,250,800,3.315,40.106,2.6,2.6
500,250,500,100,2.142,40.106,14.6,14.6
500,250,500,250,2.900,40.106,10.4,10.4
500,250,500,500,3.815,40.106,10.0,10.0
500,250,500,800,3.815,40.106,6.2,6.2
500,250,800,100,2.758,40.106,24.8,24.8
500,250,800,250,3.611,40.106,21.8,21.8
500,250,800,500,4.717,40.106,21.3,21.3
500,250,800,800,4.717,40.106,15.9,15.9
500,250,1250,100,4.029,40.106,45.7,45.7
500,250,1250,250,4.780,40.106,42.0,42.0
500,250,1250,500,5.809,40.106,43.3,43.3
500,250,1250,800,5.809,40.106,36.5,36.5
500,500,50,100,0.943,40.106,8.5,8.5
500,500,50,250,2.102,40.106,4.6,4.6
500,500,50,500,4.004,40.106,3.9,3.9
500,500,50,800,4.004,40.106,3.2,3.2
500,500,100,100,1.549,40.106,10.7,10.7
500,500,100,250,3.205,40.106,6.0,6.0
500,500,100,500,5.851,40.106,5.5,5.5
500,500,100,800,5.851,40.106,1.9,1.9
500,500,250,100,2.417,40.106,11.2,11.2
500,500,250,250,4.133,40.106,7.8,7.8
500,500,250,500,6.629,40.106,7.5,7.5
500,500,250,800,6.629,40.106,3.9,3.9
500,500,500,100,4.285,40.106,19.1,19.1
500,500,500,250,5.797,40.106,15.2,15.2
500,500,500,500,7.628,40.106,14.4,14.4
500,500,500,800,7.628,40.106,10.7,10.7
500,500,800,100,5.235,40.106,37.1,37.1
500,500,800,250,7.062,40.106,33.9,33.9
500,500,800,500,9.248,40.106,33.3,33.3
500,500,800,800,9.248,40.106,26.7,26.7
500,500,1250,100,7.825,40.106,85.7,85.7
500,500,1250,250,9.307,40.106,75.0,75.0
500,500,1250,500,11.392,40.106,71.6,71.6
500,500,1250,800,11.392,40.106,74.1,74.1
500,800,50,100,1.615,40.106,8.6,8.6
500,800,50,250,3.656,40.106,4.7,4.7
500,800,50,500,6.992,40.106,4.2,4.2
500,800,50,800,6.992,40.106,3.1,3.1
500,800,100,100,2.639,40.106,10.8,10.8
500,800,100,250,5.529,40.106,6.3,6.3
500,800,100,500,10.206,40.106,6.0,6.0
500,800,100,800,10.206,40.106,2.2,2.2
500,800,250,100,4.028,40.106,13.0,13.0
500,800,250,250,7.016,40.106,9.4,9.4
500,800,250,500,11.411,40.106,9.2,9.2
500,800,250,800,11.411,40.106,5.2,5.2
500,800,500,100,6.713,40.106,25.6,25.6
500,800,500,250,9.479,40.106,20.8,20.8
500,800,500,500,12.741,40.106,19.9,19.9
500,800,500,800,12.741,40.106,16.3,16.3
500,800,800,100,8.524,40.106,60.5,60.5
500,800,800,250,11.677,40.106,59.9,59.9
500,800,800,500,15.553,40.106,54.0,54.0
500,800,800,800,15.553,40.106,48.7,48.7
500,800,1250,100,12.512,40.106,143.4,143.4
500,800,1250,250,15.282,40.106,139.4,139.4
500,800,1250,500,19.014,40.106,124.8,124.8
500,800,1250,800,19.014,40.106,119.9,119.9
500,1250,50,100,2.356,40.106,8.7,8.7
500,1250,50,250,5.255,40.106,4.8,4.8
500,1250,50,500,10.010,40.106,4.2,4.2
500,1250,50,800,10.010,40.106,3.2,3.2
500,1250,100,100,3.872,40.106,11.6,11.6
500,1250,100,250,8.011,40.106,6.9,6.9
500,1250,100,500,14.627,40.106,6.5,6.5
500,1250,100,800,14.627,40.106,2.6,2.6
500,1250,250,100,6.041,40.106,15.4,15.4
500,1250,250,250,10.333,40.106,11.7,11.7
500,1250,250,500,16.429,40.106,11.2,11.2
500,1250,250,800,16.429,40.106,7.3,7.3
500,1250,500,100,10.262,40.106,36.2,36.2
500,1250,500,250,14.248,40.106,31.0,31.0
500,1250,500,500,18.782,40.106,29.4,29.4
500,1250,500,800,18.782,40.106,25.6,25.6
500,1250,800,100,13.079,40.106,82.0,82.0
500,1250,800,250,17.496,40.106,80.0,80.0
500,1250,800,500,21.818,40.106,76.9,76.9
500,1250,800,800,21.818,40.106,69.3,69.3
500,1250,1250,100,19.542,40.106,203.8,203.8
500,1250,1250,250,23.255,40.106,177.4,177.4
500,1250,1250,500,26.676,40.106,198.8,198.8
500,1250,1250,800,26.676,40.106,186.2,186.2
800,50,50,100,0.211,40.106,8.3,8.3
800,50,50,250,0.406,40.106,5.1,5.1
800,50,50,500,0.644,40.106,4.5,4.5
800,50,50,800,1.254,40.106,5.8,5.8
800,50,100,100,0.266,40.106,10.6,10.6
800,50,100,250,0.554,40.106,6.4,6.4
800,50,100,500,0.806,40.106,6.1,6.1
800,50,100,800,1.398,40.106,7.9,7.9
800,50,250,100,0.431,40.106,9.9,9.9
800,50,250,250,0.566,40.106,6.5,6.5
800,50,250,500,0.933,40.106,6.7,6.7
800,50,250,800,1.110,40.106,8.1,8.1
800,50,500,100,0.594,40.106,11.5,11.5
800,50,500,250,0.799,40.106,7.7,7.7
800,50,500,500,1.141,40.106,7.8,7.8
800,50,500,800,1.141,40.106,9.1,9.1
800,50,800,100,0.843,40.106,15.9,15.9
800,50,800,250,1.062,40.106,13.1,13.1
800,50,800,500,1.563,40.106,13.3,13.3
800,50,800,800,1.563,40.106,15.7,15.7
800,50,1250,100,1.272,40.106,23.7,23.7
800,50,1250,250,1.389,40.106,21.8,21.8
800,50,1250,500,1.715,40.106,22.1,22.1
800,50,1250,800,2.023,40.106,25.5,25.5
800,100,50,100,0.350,40.106,8.6,8.6
800,100,50,250,0.808,40.106,5.1,5.1
800,100,50,500,1.278,40.106,4.2,4.2
800,100,50,800,2.873,40.106,5.1,5.1
800,100,100,100,0.545,40.106,11.3,11.3
800,100,100,250,1.135,40.106,6.4,6.4
800,100,100,500,1.604,40.106,5.8,5.8
800,100,100,800,2.241,40.106,7.1,7.1
800,100,250,100,0.670,40.106,10.6,10.6
800,100,250,250,1.261,40.106,6.8,6.8
800,100,250,500,1.856,40.106,6.0,6.0
800,100,250,800,2.663,40.106,7.4,7.4
800,100,500,100,1.175,40.106,13.0,13.0
800,100,500,250,1.743,40.106,8.9,8.9
800,100,500,500,2.271,40.106,7.6,7.6
800,100,500,800,2.271,40.106,8.9,8.9
800,100,800,100,1.558,40.106,21.6,21.6
800,100,800,250,2.267,40.106,15.7,15.7
800,100,800,500,2.751,40.106,13.8,13.8
800,100,800,800,2.773,40.106,16.2,16.2
800,100,1250,100,2.291,40.106,36.2,36.2
800,100,1250,250,2.809,40.106,28.6,28.6
800,100,1250,500,3.845,40.106,25.0,25.0
800,100,1250,800,4.020,40.106,27.5,27.5
800,250,50,100,0.525,40.106,8.8,8.8
800,250,50,250,0.895,40.106,5.1,5.1
800,250,50,500,1.684,40.106,4.7,4.7
800,250,50,800,3.184,40.106,5.9,5.9
800,250,100,100,0.886,40.106,10.8,10.8
800,250,100,250,1.423,40.106,6.5,6.5
800,250,100,500,2.511,40.106,6.0,6.0
800,250,100,800,3.517,40.106,7.3,7.3
800,250,250,100,1.487,40.106,10.7,10.7
800,250,250,250,2.021,40.106,7.6,7.6
800,250,250,500,3.140,40.106,7.1,7.1
800,250,250,800,4.152,40.106,8.4,8.4
800,250,500,100,2.657,40.106,17.0,17.0
800,250,500,250,3.221,40.106,12.5,12.5
800,250,500,500,4.171,40.106,11.8,11.8
800,250,500,800,5.359,40.106,12.9,12.9
800,250,800,100,3.655,40.106,31.3,31.3
800,250,800,250,4.077,40.106,26.2,26.2
800,250,800,500,5.227,40.106,24.5,24.5
800,250,800,800,6.497,40.106,26.6,26.6
800,250,1250,100,5.713,40.106,60.7,60.7
800,250,1250,250,5.730,40.106,52.5,52.5
800,250,1250,500,7.011,40.106,51.0,51.0
800,250,1250,800,8.365,40.106,53.8,53.8
800,500,50,100,1.051,40.106,8.8,8.8
800,500,50,250,1.780,40.106,5.0,5.0
800,500,50,500,3.367,40.106,4.5,4.5
800,500,50,800,6.443,40.106,5.7,5.7
800,500,100,100,1.772,40.106,11.0,11.0
800,500,100,250,2.846,40.106,6.6,6.6
800,500,100,500,5.023,40.106,6.1,6.1
800,500,100,800,6.990,40.106,7.4,7.4
800,500,250,100,2.973,40.106,12.6,12.6
800,500,250,250,4.041,40.106,9.1,9.1
800,500,250,500,6.280,40.106,8.6,8.6
800,500,250,800,8.261,40.106,9.8,9.8
800,500,500,100,5.312,40.106,24.0,24.0
800,500,500,250,6.255,40.106,18.8,18.8
800,500,500,500,8.341,40.106,17.7,17.7
800,500,500,800,10.674,40.106,18.9,18.9
800,500,800,100,7.156,40.106,49.9,49.9
800,500,800,250,8.149,40.106,44.9,44.9
800,500,800,500,10.450,40.106,42.7,42.7
800,500,800,800,12.945,40.106,44.1,44.1
800,500,1250,100,11.185,40.106,106.1,106.1
800,500,1250,250,11.364,40.106,100.2,100.2
800,500,1250,500,13.871,40.106,90.4,90.4
800,500,1250,800,16.658,40.106,93.9,93.9
800,800,50,100,1.789,40.106,8.7,8.7
800,800,50,250,3.055,40.106,5.1,5.1
800,800,50,500,5.856,40.106,4.7,4.7
800,800,50,800,10.890,40.106,5.8,5.8
800,800,100,100,2.997,40.106,11.3,11.3
800,800,100,250,4.874,40.106,6.9,6.9
800,800,100,500,8.677,40.106,6.7,6.7
800,800,100,800,11.628,40.106,7.8,7.8
800,800,250,100,4.918,40.106,15.1,15.1
800,800,250,250,6.788,40.106,11.3,11.3
800,800,250,500,10.693,40.106,10.6,10.6
800,800,250,800,13.660,40.106,11.9,11.9
800,800,500,100,8.501,40.106,33.8,33.8
800,800,500,250,10.294,40.106,27.4,27.4
800,800,500,500,13.920,40.106,25.8,25.8
800,800,500,800,17.519,40.106,27.0,27.0
800,800,800,100,11.448,40.106,75.4,75.4
800,800,800,250,13.340,40.106,73.1,73.1
800,800,800,500,17.326,40.106,65.3,65.3
800,800,800,800,21.151,40.106,71.9,71.9
800,800,1250,100,17.891,40.106,176.6,176.6
800,800,1250,250,18.494,40.106,176.6,176.6
800,800,1250,500,22.822,40.106,153.5,153.5
800,800,1250,800,27.078,40.106,166.0,166.0
800,1250,50,100,2.627,40.106,9.5,9.5
800,1250,50,250,4.432,40.106,5.6,5.6
800,1250,50,500,8.418,40.106,5.0,5.0
800,1250,50,800,15.918,40.106,6.2,6.2
800,1250,100,100,4.431,40.106,12.7,12.7
800,1250,100,250,7.114,40.106,8.0,8.0
800,1250,100,500,12.552,40.106,7.5,7.5
800,1250,100,800,17.412,40.106,8.8,8.8
800,1250,250,100,7.432,40.106,19.1,19.1
800,1250,250,250,10.103,40.106,14.8,14.8
800,1250,250,500,15.700,40.106,13.9,13.9
800,1250,250,800,20.588,40.106,15.4,15.4
800,1250,500,100,13.057,40.106,49.9,49.9
800,1250,500,250,15.633,40.106,41.5,41.5
800,1250,500,500,20.849,40.106,39.2,39.2
800,1250,500,800,26.616,40.106,39.8,39.8
800,1250,800,100,17.885,40.106,115.8,115.8
800,1250,800,250,20.365,40.106,99.0,99.0
800,1250,800,500,26.119,40.106,93.2,93.2
800,1250,800,800,32.289,40.106,96.1,96.1
800,1250,1250,100,27.949,40.106,268.8,268.8
800,1250,1250,250,28.256,40.106,231.3,231.3
800,1250,1250,500,32.833,40.106,241.5,241.5
800,1250,1250,800,33.732,40.106,250.6,250.6
1250,50,50,100,0.213,40.106,12.3,12.3
1250,50,50,250,0.417,40.106,5.2,5.2
1250,50,50,500,0.789,40.106,8.8,8.8
1250,50,50,800,0.789,40.106,7.2,7.2
1250,50,100,100,0.336,40.106,17.1,17.1
1250,50,100,250,0.707,40.106,6.8,6.8
1250,50,100,500,1.152,40.106,11.1,11.1
1250,50,100,800,1.152,40.106,11.0,11.0
1250,50,250,100,0.482,40.106,15.7,15.7
1250,50,250,250,0.743,40.106,7.1,7.1
1250,50,250,500,1.452,40.106,11.5,11.5
1250,50,250,800,1.452,40.106,11.0,11.0
1250,50,500,100,0.842,40.106,17.8,17.8
1250,50,500,250,1.036,40.106,8.2,8.2
1250,50,500,500,1.516,40.106,13.0,13.0
1250,50,500,800,1.586,40.106,12.3,12.3
1250,50,800,100,1.183,40.106,26.3,26.3
1250,50,800,250,1.362,40.106,14.9,14.9
1250,50,800,500,1.867,40.106,22.1,22.1
1250,50,800,800,1.893,40.106,21.9,21.9
1250,50,1250,100,1.779,40.106,39.5,39.5
1250,50,1250,250,1.909,40.106,24.2,24.2
1250,50,1250,500,2.575,40.106,33.3,33.3
1250,50,1250,800,2.575,40.106,34.2,34.2
1250,100,50,100,0.371,40.106,12.4,12.4
1250,100,50,250,1.018,40.106,5.6,5.6
1250,100,50,500,1.569,40.106,8.0,8.0
1250,100,50,800,1.569,40.106,6.5,6.5
1250,100,100,100,0.615,40.106,16.0,16.0
1250,100,100,250,1.457,40.106,7.5,7.5
1250,100,100,500,1.733,40.106,11.6,11.6
1250,100,100,800,1.733,40.106,10.4,10.4
1250,100,250,100,0.899,40.106,15.5,15.5
1250,100,250,250,1.671,40.106,7.7,7.7
1250,100,250,500,2.338,40.106,11.5,11.5
1250,100,250,800,2.338,40.106,10.4,10.4
1250,100,500,100,1.574,40.106,18.3,18.3
1250,100,500,250,2.507,40.106,11.5,11.5
1250,100,500,500,2.843,40.106,15.0,15.0
1250,100,500,800,2.843,40.106,13.3,13.3
1250,100,800,100,2.361,40.106,30.0,30.0
1250,100,800,250,2.905,40.106,23.6,23.6
1250,100,800,500,3.784,40.106,28.0,28.0
1250,100,800,800,3.784,40.106,24.7,24.7
1250,100,1250,100,3.548,40.106,48.4,48.4
1250,100,1250,250,4.128,40.106,45.5,45.5
1250,100,1250,500,4.365,40.106,47.6,47.6
1250,100,1250,800,4.625,40.106,41.6,41.6
1250,250,50,100,0.594,40.106,12.9,12.9
1250,250,50,250,1.163,40.106,5.3,5.3
1250,250,50,500,1.793,40.106,8.2,8.2
1250,250,50,800,1.818,40.106,6.7,6.7
1250,250,100,100,1.038,40.106,16.1,16.1
1250,250,100,250,1.874,40.106,7.0,7.0
1250,250,100,500,2.776,40.106,10.9,10.9
1250,250,100,800,2.776,40.106,10.1,10.1
1250,250,250,100,1.890,40.106,16.5,16.5
1250,250,250,250,2.764,40.106,8.7,8.7
1250,250,250,500,3.686,40.106,12.7,12.7
1250,250,250,800,3.686,40.106,11.6,11.6
1250,250,500,100,3.566,40.106,25.4,25.4
1250,250,500,250,4.410,40.106,16.4,16.4
1250,250,500,500,5.182,40.106,19.8,19.8
1250,250,500,800,5.523,40.106,18.8,18.8
1250,250,800,100,5.666,40.106,47.7,47.7
1250,250,800,250,5.842,40.106,33.9,33.9
1250,250,800,500,6.777,40.106,39.0,39.0
1250,250,800,800,6.973,40.106,37.9,37.9
1250,250,1250,100,8.857,40.106,92.0,92.0
1250,250,1250,250,8.857,40.106,73.1,73.1
1250,250,1250,500,9.334,40.106,77.3,77.3
1250,250,1250,800,9.659,40.106,75.8,75.8
1250,500,50,100,1.191,40.106,12.7,12.7
1250,500,50,250,2.312,40.106,5.3,5.3
1250,500,50,500,3.609,40.106,8.2,8.2
1250,500,50,800,3.641,40.106,6.7,6.7
1250,500,100,100,2.075,40.106,16.3,16.3
1250,500,100,250,3.748,40.106,7.3,7.3
1250,500,100,500,5.568,40.106,11.2,11.2
1250,500,100,800,5.568,40.106,10.3,10.3
1250,500,250,100,3.779,40.106,19.1,19.1
1250,500,250,250,5.528,40.106,11.1,11.1
1250,500,250,500,7.371,40.106,14.8,14.8
1250,500,250,800,7.371,40.106,13.9,13.9
1250,500,500,100,7.080,40.106,35.2,35.2
1250,500,500,250,8.586,40.106,26.0,26.0
1250,500,500,500,10.363,40.106,28.7,28.7
1250,500,500,800,10.826,40.106,27.6,27.6
1250,500,800,100,11.180,40.106,74.9,74.9
1250,500,800,250,11.551,40.106,58.7,58.7
1250,500,800,500,13.549,40.106,62.2,62.2
1250,500,800,800,13.668,40.106,60.9,60.9
1250,500,1250,100,17.471,40.106,156.3,156.3
1250,500,1250,250,17.471,40.106,131.3,131.3
1250,500,1250,500,18.472,40.106,134.7,134.7
1250,500,1250,800,19.101,40.106,130.5,130.5
1250,800,50,100,2.005,40.106,12.8,12.8
1250,800,50,250,3.957,40.106,5.6,5.6
1250,800,50,500,6.225,40.106,8.4,8.4
1250,800,50,800,6.307,40.106,6.9,6.9
1250,800,100,100,3.446,40.106,16.6,16.6
1250,800,100,250,6.399,40.106,7.8,7.8
1250,800,100,500,9.580,40.106,11.8,11.8
1250,800,100,800,9.580,40.106,11.2,11.2
1250,800,250,100,6.130,40.106,22.4,22.4
1250,800,250,250,9.247,40.106,14.4,14.4
1250,800,250,500,12.465,40.106,17.7,17.7
1250,800,250,800,12.465,40.106,16.8,16.8
1250,800,500,100,11.177,40.106,49.0,49.0
1250,800,500,250,13.968,40.106,39.1,39.1
1250,800,500,500,17.179,40.106,41.2,41.2
1250,800,500,800,17.501,40.106,40.2,40.2
1250,800,800,100,17.885,40.106,109.1,109.1
1250,800,800,250,18.859,40.106,93.3,93.3
1250,800,800,500,22.119,40.106,96.1,96.1
1250,800,800,800,22.351,40.106,99.2,99.2
1250,800,1250,100,27.949,40.106,235.7,235.7
1250,800,1250,250,27.949,40.106,216.2,216.2
1250,800,1250,500,28.953,40.106,234.0,234.0
1250,800,1250,800,30.391,40.106,218.3,218.3
1250,1250,50,100,2.978,40.106,13.6,13.6
1250,1250,50,250,5.764,40.106,5.9,5.9
1250,1250,50,500,8.963,40.106,8.9,8.9
1250,1250,50,800,8.963,40.106,7.3,7.3
1250,1250,100,100,5.187,40.106,18.7,18.7
1250,1250,100,250,9.370,40.106,9.1,9.1
1250,1250,100,500,13.921,40.106,13.0,13.0
1250,1250,100,800,13.921,40.106,12.1,12.1
1250,1250,250,100,9.334,40.106,28.6,28.6
1250,1250,250,250,13.818,40.106,19.9,19.9
1250,1250,250,500,18.426,40.106,23.2,23.2
1250,1250,250,800,18.426,40.106,22.2,22.2
1250,1250,500,100,17.464,40.106,71.7,71.7
1250,1250,500,250,21.262,40.106,60.2,60.2
1250,1250,500,500,25.718,40.106,61.6,61.6
1250,1250,500,800,26.581,40.106,60.2,60.2
1250,1250,800,100,27.943,40.106,161.5,161.5
1250,1250,800,250,28.717,40.106,141.8,141.8
1250,1250,800,500,31.460,40.106,156.0,156.0
1250,1250,800,800,32.898,40.106,138.4,138.4
